层级,行政区,省级行政区,包含该名的上海路名,所在区,长度(km),状态,说明
地级,唐山市,河北,唐山路,虹口区,3.19,已收录,
地级,秦皇岛市,河北,秦皇岛路,虹口区,0.22,已收录,
地级,邯郸市,河北,邯郸路,杨浦区,5.92,已收录,
地级,保定市,河北,保定路,虹口区,1.35,已收录,
地级,沧州市,河北,沧州路,杨浦区,0.68,已收录,
地级,衡水市,河北,衡水路,虹口区,0.86,已收录,
地级,太原市,山西,太原路,徐汇区,1.02,已收录,
地级,大同市,山西,大同公路,浦东新区,0.39,新发现,人工复核：非以该城市命名
地级,大同市,山西,大同路,浦东新区,2.84,正向已排除,
地级,大同市,山西,大同里,静安区,0.06,新发现,人工复核：非以该城市命名
地级,阳泉市,山西,阳泉路,静安区,2.43,已收录,
地级,长治市,山西,东长治路,虹口区,3.07,已收录,
地级,长治市,山西,长治路,虹口区,0.86,已收录,
地级,晋城市,山西,晋城路,静安区,1.22,已收录,
地级,晋城市,山西,晋城路桥,宝山区,0.02,新发现,人工复核：非以该城市命名
地级,运城市,山西,运城路,静安区,1.38,已收录,
地级,临汾市,山西,临汾路,静安区,3.06,已收录,
地级,包头市,内蒙古,包头南路,杨浦区,1.03,已收录,
地级,包头市,内蒙古,包头路,杨浦区,2.83,已收录,
地级,赤峰市,内蒙古,赤峰路,虹口区,2.17,已收录,
地级,鄂尔多斯市,内蒙古,鄂尔多斯路,普陀区,0.15,已收录,
地级,兴安盟,内蒙古,兴安路,黄浦区,0.53,已收录,
地级,沈阳市,辽宁,沈阳路,杨浦区,0.62,已收录,
地级,大连市,辽宁,四平路-大连路下立交,虹口区,1.81,新发现,人工复核：非以该城市命名
地级,大连市,辽宁,大连西路,虹口区,4.26,已收录,
地级,大连市,辽宁,大连西路30弄,杨浦区,0.33,新发现,人工复核：非以该城市命名
地级,大连市,辽宁,大连西路40弄,虹口区,0.05,新发现,人工复核：非以该城市命名
地级,大连市,辽宁,大连路,虹口区,6.17,已收录,
地级,大连市,辽宁,大连路隧道,浦东新区,4.58,新发现,人工复核：非以该城市命名
地级,鞍山市,辽宁,鞍山支路,杨浦区,0.23,已收录,
地级,鞍山市,辽宁,鞍山路,杨浦区,0.84,已收录,
地级,抚顺市,辽宁,抚顺路,杨浦区,1.64,已收录,
地级,本溪市,辽宁,本溪路,杨浦区,1.26,已收录,
地级,丹东市,辽宁,丹东路,杨浦区,0.18,已收录,
地级,丹东市,辽宁,南丹东路,徐汇区,0.86,已收录,
地级,锦州市,辽宁,锦州湾路,杨浦区,0.38,新发现,以锦州湾（海湾）命名
地级,营口市,辽宁,营口路,杨浦区,5.02,已收录,
地级,阜新市,辽宁,阜新路,杨浦区,1.08,已收录,
地级,辽阳市,辽宁,辽阳路,杨浦区,0.97,已收录,
地级,铁岭市,辽宁,铁岭路,杨浦区,0.65,已收录,
地级,朝阳市,辽宁,朝阳中路,崇明区,1.98,正向已排除,
地级,朝阳市,辽宁,朝阳南路,崇明区,2.05,正向已排除,
地级,朝阳市,辽宁,朝阳路,浦东新区,2.45,正向已排除,
地级,朝阳市,辽宁,朝阳门路,崇明区,0.13,新发现,人工复核：非以该城市命名
地级,长春市,吉林,长春支路,虹口区,0.08,已收录,
地级,长春市,吉林,长春路,虹口区,0.66,已收录,
地级,吉林市,吉林,吉林路,杨浦区,0.27,已收录,
地级,四平市,吉林,四平公路,奉贤区,6.18,新发现,人工复核：非以该城市命名
地级,四平市,吉林,四平路,杨浦区,11.82,已收录,
地级,四平市,吉林,四平路-中山北二路下立交,杨浦区,1.97,新发现,人工复核：非以该城市命名
地级,四平市,吉林,四平路-大连路下立交,虹口区,1.81,新发现,人工复核：非以该城市命名
地级,四平市,吉林,四平路1028弄,杨浦区,0.26,新发现,人工复核：非以该城市命名
地级,四平市,吉林,新四平公路,奉贤区,10.54,新发现,人工复核：非以该城市命名
地级,辽源市,吉林,辽源东路,杨浦区,0.85,已收录,
地级,辽源市,吉林,辽源西路,杨浦区,0.84,已收录,
地级,白山市,吉林,长白山路,宝山区,1.07,新发现,人工复核：非以该城市命名
地级,白城市,吉林,白城南路,杨浦区,0.46,已收录,
地级,白城市,吉林,白城路,杨浦区,1.83,已收录,
地级,哈尔滨市,黑龙江,哈尔滨路,虹口区,0.58,已收录,
地级,齐齐哈尔市,黑龙江,齐齐哈尔路,杨浦区,1.9,已收录,
地级,佳木斯市,黑龙江,佳木斯路,杨浦区,1.88,已收录,
地级,牡丹江市,黑龙江,牡丹江路,宝山区,5.67,已收录,
地级,绥化市,黑龙江,绥化路,宝山区,1.18,已收录,
地级,南京市,江苏,南京东路,黄浦区,0.5,已收录,
地级,南京市,江苏,南京西路,静安区,4.23,已收录,
地级,南京市,江苏,南京西路1081弄,静安区,0.19,新发现,人工复核：非以该城市命名
地级,南京市,江苏,南京西路1173弄,静安区,0.13,新发现,人工复核：非以该城市命名
地级,南京市,江苏,南京西路1440弄,静安区,0.11,新发现,人工复核：非以该城市命名
地级,南京市,江苏,南京路,松江区,0.34,已收录,
地级,南京市,江苏,南京路步行街,黄浦区,1.03,新发现,人工复核：非以该城市命名
地级,无锡市,江苏,北无锡路,黄浦区,0.18,已收录,
地级,无锡市,江苏,南无锡路,黄浦区,0.33,已收录,
地级,苏州市,江苏,北苏州路,静安区,2.03,正向已排除,
地级,苏州市,江苏,南苏州路,黄浦区,3.57,正向已排除,
地级,苏州市,江苏,苏州河步道(开放),普陀区,2.28,新发现,人工复核：非以该城市命名
地级,苏州市,江苏,苏州河步道(社区),普陀区,0.91,新发现,人工复核：非以该城市命名
地级,苏州市,江苏,西苏州路,静安区,1.43,正向已排除,
地级,淮安市,江苏,淮安路,静安区,0.44,已收录,
地级,盐城市,江苏,盐城路,黄浦区,0.18,已收录,
地级,扬州市,江苏,扬州路,杨浦区,0.95,已收录,
地级,泰州市,江苏,泰州路,静安区,0.38,已收录,
地级,杭州市,浙江,杭州湾大道,金山区,18.99,新发现,人工复核：非以该城市命名
地级,杭州市,浙江,杭州路,杨浦区,1.95,已收录,
地级,宁波市,浙江,宁波路,黄浦区,1.23,已收录,
地级,温州市,浙江,温州路,黄浦区,0.26,已收录,
地级,嘉兴市,浙江,嘉兴路,虹口区,0.25,已收录,
地级,绍兴市,浙江,绍兴路,黄浦区,0.47,已收录,
地级,金华市,浙江,金华街,嘉定区,0.09,正向已排除,
地级,金华市,浙江,金华路,黄浦区,0.1,已收录,
地级,舟山市,浙江,舟山路,虹口区,1.09,已收录,
地级,丽水市,浙江,丽水路,黄浦区,0.18,已收录,
地级,合肥市,安徽,合肥路,黄浦区,1.03,已收录,
地级,安庆市,安徽,安庆路,静安区,0.56,已收录,
地级,黄山市,安徽,黄山路,静安区,0.76,已收录,
地级,福州市,福建,福州路,黄浦区,1.43,已收录,
地级,厦门市,福建,厦门路,黄浦区,0.52,已收录,
地级,南昌市,江西,南昌路,黄浦区,1.54,已收录,
地级,南昌市,江西,南昌路585弄,徐汇区,0.04,新发现,人工复核：非以该城市命名
地级,南昌市,江西,南昌路615弄,徐汇区,0.06,新发现,人工复核：非以该城市命名
地级,九江市,江西,九江公路,松江区,1.48,新发现,人工复核：非以该城市命名
地级,九江市,江西,九江路,黄浦区,1.86,已收录,
地级,吉安市,江西,吉安路,黄浦区,0.68,已收录,
地级,济南市,山东,济南路,黄浦区,0.69,已收录,
地级,青岛市,山东,青岛路,黄浦区,0.17,已收录,
地级,枣庄市,山东,枣庄路,浦东新区,4.47,已收录,
地级,潍坊市,山东,潍坊西路,浦东新区,0.59,已收录,
地级,潍坊市,山东,潍坊路,浦东新区,1.97,已收录,
地级,济宁市,山东,济宁路,杨浦区,1.02,已收录,
地级,泰安市,山东,泰安桥,青浦区,0.02,新发现,人工复核：非以该城市命名
地级,泰安市,山东,泰安路,长宁区,0.53,已收录,
地级,威海市,山东,威海路,静安区,1.76,已收录,
地级,日照市,山东,日照路,浦东新区,0.14,已收录,
地级,临沂市,山东,临沂北路,浦东新区,0.86,已收录,
地级,临沂市,山东,临沂路,浦东新区,1.68,已收录,
地级,德州市,山东,德州路,浦东新区,3.82,已收录,
地级,菏泽市,山东,菏泽路,浦东新区,1.89,已收录,
地级,开封市,河南,开封路,静安区,0.13,已收录,
地级,许昌市,河南,许昌路,杨浦区,2.8,已收录,
地级,南阳市,河南,南阳港东路,金山区,0.95,新发现,人工复核：非以该城市命名
地级,南阳市,河南,南阳港西路,金山区,2.05,新发现,人工复核：非以该城市命名
地级,南阳市,河南,南阳湾路,金山区,1.66,新发现,人工复核：非以该城市命名
地级,南阳市,河南,南阳路,静安区,0.45,已收录,
地级,商丘市,河南,商丘路,虹口区,0.47,已收录,
地级,黄石市,湖北,黄石路,徐汇区,1.3,已收录,
地级,宜昌市,湖北,宜昌路,普陀区,1.6,已收录,
地级,襄阳市,湖北,襄阳北路,徐汇区,0.63,已收录,
地级,襄阳市,湖北,襄阳南路,徐汇区,1.53,已收录,
地级,襄阳市,湖北,襄阳南路166弄,徐汇区,0.04,新发现,人工复核：非以该城市命名
地级,襄阳市,湖北,襄阳南路239弄,徐汇区,0.03,新发现,人工复核：非以该城市命名
地级,襄阳市,湖北,襄阳南路256弄,徐汇区,0.03,新发现,人工复核：非以该城市命名
地级,襄阳市,湖北,襄阳南路271弄,徐汇区,0.04,新发现,人工复核：非以该城市命名
地级,襄阳市,湖北,襄阳南路275弄,徐汇区,0.08,新发现,人工复核：非以该城市命名
地级,襄阳市,湖北,襄阳南路278弄,徐汇区,0.02,新发现,人工复核：非以该城市命名
地级,襄阳市,湖北,襄阳南路306弄,徐汇区,0.02,新发现,人工复核：非以该城市命名
地级,荆州市,湖北,荆州路,杨浦区,1.01,已收录,
地级,长沙市,湖南,长沙路,黄浦区,0.36,已收录,
地级,株洲市,湖南,株洲路,虹口区,0.47,已收录,
地级,岳阳市,湖南,岳阳路,徐汇区,0.96,已收录,
地级,常德市,湖南,常德路,静安区,2.98,已收录,
地级,常德市,湖南,常德路545弄,静安区,0.18,新发现,人工复核：非以该城市命名
地级,广州市,广东,广州路,杨浦区,0.33,已收录,
地级,汕头市,广东,汕头路,黄浦区,0.19,已收录,
地级,佛山市,广东,佛山路,松江区,2.21,已收录,
地级,茂名市,广东,茂名北路,静安区,0.63,已收录,
地级,茂名市,广东,茂名南路,黄浦区,1.8,已收录,
地级,梅州市,广东,梅州街,金山区,0.62,已收录,
地级,梅州市,广东,梅州路,闵行区,1.83,已收录,
地级,中山市,广东,中山东一路,黄浦区,2.15,正向已排除,
地级,中山市,广东,中山东二路,黄浦区,2.27,正向已排除,
地级,中山市,广东,中山东路,松江区/浦东新区,2.98,正向已排除,
地级,中山市,广东,中山中路,松江区,2.08,正向已排除,
地级,中山市,广东,中山二路,松江区,1.44,正向已排除,
地级,中山市,广东,中山北一路,虹口区,7.44,正向已排除,
地级,中山市,广东,中山北二路,杨浦区,7.69,正向已排除,
地级,中山市,广东,中山北路,普陀区,19.3,正向已排除,
地级,中山市,广东,中山北路-交通路过街天桥,普陀区,0.25,新发现,人工复核：非以该城市命名
地级,中山市,广东,中山北路2139弄,普陀区,0.4,新发现,人工复核：非以该城市命名
地级,中山市,广东,中山北路2451弄,普陀区,0.42,新发现,人工复核：非以该城市命名
地级,中山市,广东,中山北路2451弄200支弄,普陀区,0.1,新发现,人工复核：非以该城市命名
地级,中山市,广东,中山北路2525弄,普陀区,0.13,新发现,人工复核：非以该城市命名
地级,中山市,广东,中山北路桥,虹口区,0.26,新发现,人工复核：非以该城市命名
地级,中山市,广东,中山南一路,黄浦区,3.48,正向已排除,
地级,中山市,广东,中山南二路,徐汇区,11.92,正向已排除,
地级,中山市,广东,中山南路,黄浦区,10.36,正向已排除,
地级,中山市,广东,中山南路地道,黄浦区,2.26,新发现,人工复核：非以该城市命名
地级,中山市,广东,中山街,金山区,0.74,正向已排除,
地级,中山市,广东,中山西路,松江区/长宁区,12.92,正向已排除,
地级,中山市,广东,中山西路 1245 弄,长宁区,0.27,新发现,人工复核：非以该城市命名
地级,中山市,广东,中山路,浦东新区,0.42,正向已排除,
地级,中山市,广东,四平路-中山北二路下立交,杨浦区,1.97,新发现,人工复核：非以该城市命名
地级,潮州市,广东,潮州路,普陀区,1.15,已收录,
地级,南宁市,广西,南宁路,徐汇区,1.53,已收录,
地级,柳州市,广西,柳州路,徐汇区,6.29,已收录,
地级,桂林市,广西,桂林东街,徐汇区,1.03,已收录,
地级,桂林市,广西,桂林西街,徐汇区,1.35,已收录,
地级,桂林市,广西,桂林路,徐汇区,5.72,已收录,
地级,桂林市,广西,桂林路 626 弄,徐汇区,0.31,新发现,人工复核：非以该城市命名
地级,梧州市,广西,梧州路,虹口区,0.74,已收录,
地级,北海市,广西,北海宁路,虹口区,0.19,已收录,
地级,北海市,广西,北海路,黄浦区,0.57,已收录,
地级,钦州市,广西,钦州北路,徐汇区,2.79,已收录,
地级,钦州市,广西,钦州南路,徐汇区,4.5,已收录,
地级,钦州市,广西,钦州路,徐汇区,2.4,已收录,
地级,百色市,广西,百色支路,徐汇区,0.17,已收录,
地级,百色市,广西,百色路,徐汇区,2.11,已收录,
地级,海口市,海南,海口路,黄浦区,0.1,已收录,
地级,三沙市,海南,三沙洪路,崇明区,3.6,新发现,人工复核：非以该城市命名
地级,成都市,四川,成都北路,静安区,4.5,已收录,
地级,成都市,四川,成都南路,黄浦区,0.36,已收录,
地级,成都市,四川,老成都北路,静安区,0.17,新发现,人工复核：非以该城市命名
地级,广元市,四川,广元西路,徐汇区,0.91,已收录,
地级,广元市,四川,广元路,徐汇区,0.63,已收录,
地级,内江市,四川,内江支路,杨浦区,0.37,已收录,
地级,内江市,四川,内江路,杨浦区,2.18,已收录,
地级,乐山市,四川,乐山支路,徐汇区,0.26,已收录,
地级,乐山市,四川,乐山路,徐汇区,0.51,已收录,
地级,雅安市,四川,雅安路,徐汇区,0.33,已收录,
地级,凉山彝族自治州,四川,大凉山路,松江区,2.57,新发现,以大凉山（山脉）命名
地级,贵阳市,贵州,贵阳路,杨浦区,0.89,已收录,
地级,遵义市,贵州,遵义南路,长宁区,0.22,已收录,
地级,遵义市,贵州,遵义路,长宁区,1.46,已收录,
地级,安顺市,贵州,安顺路,长宁区,2.0,已收录,
地级,铜仁市,贵州,铜仁路,静安区,0.66,已收录,
地级,昆明市,云南,昆明路,杨浦区,2.75,已收录,
地级,昭通市,云南,昭通路,黄浦区,0.13,已收录,
地级,丽江市,云南,瑞丽江路,宝山区,8.41,新发现,人工复核：非以该城市命名
地级,普洱市,云南,普洱路,闵行区,0.54,已收录,
地级,普洱市,云南,普洱路 128 弄,闵行区,0.23,新发现,人工复核：非以该城市命名
地级,临沧市,云南,临沧支路,闵行区,0.46,已收录,
地级,临沧市,云南,临沧路,闵行区,1.25,已收录,
地级,德宏傣族景颇族自治州,云南,德宏路,闵行区,0.99,已收录,
地级,怒江傈僳族自治州,云南,怒江北路,普陀区,1.35,正向已排除,
地级,怒江傈僳族自治州,云南,怒江路,普陀区,1.14,正向已排除,
地级,山南市,西藏,中山南一路,黄浦区,3.48,正向已排除,
地级,山南市,西藏,中山南二路,徐汇区,11.92,正向已排除,
地级,山南市,西藏,中山南路,黄浦区,10.36,正向已排除,
地级,山南市,西藏,中山南路地道,黄浦区,2.26,新发现,人工复核：非以该城市命名
地级,山南市,西藏,山南路,金山区,1.14,正向已排除,
地级,山南市,西藏,祁连山南路,普陀区,10.25,新发现,人工复核：非以该城市命名
地级,山南市,西藏,祁连山南路桥,长宁区,1.05,新发现,人工复核：非以该城市命名
地级,山南市,西藏,罗山南路,浦东新区,21.76,已收录,
地级,山南市,西藏,黑山南路,杨浦区,0.33,已收录,
地级,阿里地区,西藏,阿里山路,崇明区,3.24,新发现,人工复核：非以该城市命名
地级,西安市,陕西,西安路,松江区/虹口区,0.8,已收录,
地级,铜川市,陕西,铜川路,普陀区,7.73,已收录,
地级,渭南市,陕西,渭南南路,杨浦区,0.2,已收录,
地级,渭南市,陕西,渭南路,杨浦区,1.0,已收录,
地级,延安市,陕西,延安东路,黄浦区,7.92,已收录,
地级,延安市,陕西,延安东路1310弄,黄浦区,0.1,新发现,人工复核：非以该城市命名
地级,延安市,陕西,延安东路隧道,黄浦区,3.94,新发现,人工复核：非以该城市命名
地级,延安市,陕西,延安中路,黄浦区,5.1,已收录,
地级,延安市,陕西,延安中路504弄,黄浦区,0.09,新发现,人工复核：非以该城市命名
地级,延安市,陕西,延安中路510弄,黄浦区,0.05,新发现,人工复核：非以该城市命名
地级,延安市,陕西,延安中路955弄,静安区,0.14,新发现,人工复核：非以该城市命名
地级,延安市,陕西,延安西路,长宁区,24.24,已收录,
地级,延安市,陕西,延安西路 1448 弄,长宁区,0.26,新发现,人工复核：非以该城市命名
地级,延安市,陕西,延安高架路,长宁区,27.2,新发现,人工复核：非以该城市命名
地级,汉中市,陕西,汉中路,静安区,0.71,已收录,
地级,榆林市,陕西,榆林巷,青浦区,0.09,新发现,人工复核：非以该城市命名
地级,榆林市,陕西,榆林路,杨浦区,1.82,已收录,
地级,兰州市,甘肃,兰州路,杨浦区,2.35,已收录,
地级,嘉峪关市,甘肃,嘉峪关路,嘉定区,0.99,已收录,
地级,金昌市,甘肃,金昌西路,嘉定区,17.36,已收录,
地级,金昌市,甘肃,金昌路,普陀区,10.6,已收录,
地级,白银市,甘肃,白银路,嘉定区,4.11,已收录,
地级,天水市,甘肃,天水路,虹口区,0.4,已收录,
地级,武威市,甘肃,武威东路,普陀区,3.79,已收录,
地级,武威市,甘肃,武威路,普陀区,5.45,已收录,
地级,张掖市,甘肃,张掖路,嘉定区,1.16,已收录,
地级,平凉市,甘肃,平凉路,杨浦区,5.24,已收录,
地级,庆阳市,甘肃,庆阳路,虹口区,0.16,已收录,
地级,定西市,甘肃,定西路,长宁区,2.03,已收录,
地级,定西市,甘肃,定西路 710 弄,长宁区,0.23,新发现,人工复核：非以该城市命名
地级,定西市,甘肃,武定西路,长宁区,0.87,已收录,
地级,定西市,甘肃,武定西路 1398 弄,静安区,0.35,新发现,人工复核：非以该城市命名
地级,定西市,甘肃,武定西路1371弄,长宁区,0.17,新发现,人工复核：非以该城市命名
地级,定西市,甘肃,武定西路1420弄,静安区,0.06,新发现,人工复核：非以该城市命名
地级,陇南市,甘肃,陇南路,嘉定区,14.78,已收录,
地级,临夏回族自治州,甘肃,临夏路,嘉定区,0.98,已收录,
地级,海东市,青海,宁海东路,黄浦区,0.75,已收录,
地级,海东市,青海,淮海东路,黄浦区,0.36,新发现,人工复核：非以该城市命名
地级,海南藏族自治州,青海,政海南路,浦东新区,0.57,新发现,人工复核：非以该城市命名
地级,海南藏族自治州,青海,江海南路,奉贤区,10.29,正向已排除,
地级,海南藏族自治州,青海,海南西弄,黄浦区,0.2,新发现,人工复核：非以该城市命名
地级,海南藏族自治州,青海,靖海南路,浦东新区,1.29,新发现,人工复核：非以该城市命名
地级,玉树藏族自治州,青海,玉树北路,松江区,1.54,已收录,
地级,玉树藏族自治州,青海,玉树路,松江区,5.36,已收录,
地级,海西蒙古族藏族自治州,青海,海西路,崇明区,0.96,正向已排除,
地级,海西蒙古族藏族自治州,青海,淮海西路,徐汇区,2.96,新发现,人工复核：非以该城市命名
地级,乌鲁木齐市,新疆,乌鲁木齐中路,徐汇区,0.91,已收录,
地级,乌鲁木齐市,新疆,乌鲁木齐北路,静安区,0.98,已收录,
地级,乌鲁木齐市,新疆,乌鲁木齐南路,徐汇区,1.17,已收录,
地级,乌鲁木齐市,新疆,乌鲁木齐南路316弄,徐汇区,0.16,新发现,人工复核：非以该城市命名
地级,乌鲁木齐市,新疆,乌鲁木齐南路396弄,徐汇区,0.2,新发现,人工复核：非以该城市命名
地级,哈密市,新疆,哈密路,长宁区,3.61,已收录,
地级,昌吉回族自治州,新疆,昌吉东路,嘉定区,7.14,已收录,
地级,昌吉回族自治州,新疆,昌吉路,嘉定区,4.1,已收录,
地级,阿克苏地区,新疆,阿克苏南路,嘉定区,0.86,已收录,
地级,阿克苏地区,新疆,阿克苏路,嘉定区,7.24,已收录,
地级,和田地区,新疆,和田路,静安区,1.08,已收录,
地级,伊犁哈萨克自治州,新疆,伊犁南路,长宁区,1.05,已收录,
地级,伊犁哈萨克自治州,新疆,伊犁路,长宁区,0.69,已收录,
地级,塔城地区,新疆,塔城东路,嘉定区,2.85,已收录,
地级,塔城地区,新疆,塔城路,嘉定区,5.65,已收录,
地级,塔城地区,新疆,塔城路辅路,嘉定区,1.53,新发现,人工复核：非以该城市命名
县级市,新乐市,河北,新乐路,徐汇区/松江区,1.01,已收录,
县级市,沙河市,河北,沙河路,嘉定区,0.9,正向已排除,
县级市,沙河市,河北,通沙河路,崇明区,0.6,新发现,人工复核：非以该城市命名
县级市,安国市,河北,安国路,浦东新区/虹口区,1.06,已收录,
县级市,河间市,河北,河间路,杨浦区/浦东新区,2.87,已收录,
县级市,三河市,河北,三河路,虹口区,0.38,已收录,
县级市,高平市,山西,高平路,静安区,2.38,已收录,
县级市,原平市,山西,原平路,静安区,2.91,已收录,
县级市,汾阳市,山西,汾阳路,徐汇区,0.88,已收录,
县级市,丰镇市,内蒙古,丰镇路,虹口区,1.24,已收录,
县级市,新民市,辽宁,东新民路,静安区,0.23,已收录,
县级市,新民市,辽宁,新民支路,静安区,0.08,已收录,
县级市,庄河市,辽宁,庄河路,杨浦区,0.4,已收录,
县级市,海城市,辽宁,海城路,杨浦区,0.17,已收录,
县级市,东港市,辽宁,东港公路,浦东新区,3.64,新发现,人工复核：非以该城市命名
县级市,东港市,辽宁,东港大道,浦东新区,4.12,正向已排除,
县级市,东港市,辽宁,东港路,嘉定区,0.88,正向已排除,
县级市,凤城市,辽宁,凤城路,杨浦区,0.84,已收录,
县级市,凌海市,辽宁,凌海路,浦东新区,2.04,已收录,
县级市,兴城市,辽宁,兴城路,浦东新区,0.43,正向已排除,
县级市,舒兰市,吉林,舒兰路,杨浦区,0.35,已收录,
县级市,双辽市,吉林,双辽支路,杨浦区,0.49,已收录,
县级市,双辽市,吉林,双辽路,杨浦区,0.62,已收录,
县级市,临江市,吉林,临江村路,金山区,0.35,新发现,人工复核：非以该城市命名
县级市,临江市,吉林,临江路,徐汇区/浦东新区,0.89,正向已排除,
县级市,延吉市,吉林,延吉东路,杨浦区,1.74,已收录,
县级市,延吉市,吉林,延吉东路82弄,杨浦区,0.27,新发现,人工复核：非以该城市命名
县级市,延吉市,吉林,延吉中路,杨浦区,1.19,已收录,
县级市,延吉市,吉林,延吉西路,杨浦区,0.67,已收录,
县级市,图们市,吉林,图们路,杨浦区,0.66,已收录,
县级市,敦化市,吉林,敦化路,杨浦区,0.92,已收录,
县级市,和龙市,吉林,和龙路,浦东新区,1.79,已收录,
县级市,虎林市,黑龙江,虎林路,宝山区,3.24,已收录,
县级市,密山市,黑龙江,密山东路,宝山区,0.53,已收录,
县级市,密山市,黑龙江,密山路,宝山区,1.59,已收录,
县级市,铁力市,黑龙江,铁力路,宝山区,9.05,已收录,
县级市,富锦市,黑龙江,富锦东路,宝山区,1.06,已收录,
县级市,富锦市,黑龙江,富锦路,宝山区,11.31,已收录,
县级市,绥芬河市,黑龙江,绥芬河路,杨浦区,1.54,已收录,
县级市,海林市,黑龙江,上海林克司路,浦东新区,1.73,新发现,人工复核：非以该城市命名
县级市,宁安市,黑龙江,宁安路,黄浦区,0.18,已收录,
县级市,北安市,黑龙江,北安德路,嘉定区,1.97,新发现,人工复核：非以该城市命名
县级市,北安市,黑龙江,北安路,宝山区,0.54,已收录,
县级市,嫩江市,黑龙江,嫩江路,杨浦区,4.26,已收录,
县级市,安达市,黑龙江,安达路,宝山区,1.08,已收录,
县级市,海伦市,黑龙江,海伦西路,虹口区,0.67,已收录,
县级市,海伦市,黑龙江,海伦路,虹口区,2.02,已收录,
县级市,漠河市,黑龙江,漠河路,宝山区,1.67,已收录,
县级市,江阴市,江苏,东江阴街,黄浦区,0.48,已收录,
县级市,江阴市,江苏,江阴街,黄浦区,0.93,已收录,
县级市,江阴市,江苏,江阴路,黄浦区,0.33,已收录,
县级市,溧阳市,江苏,溧阳路,虹口区,1.98,已收录,
县级市,常熟市,江苏,常熟路,徐汇区,1.57,已收录,
县级市,昆山市,江苏,昆山花园路,虹口区,0.15,新发现,人工复核：非以该城市命名
县级市,昆山市,江苏,昆山路,虹口区,0.41,已收录,
县级市,太仓市,江苏,太仓路,黄浦区,0.92,已收录,
县级市,启东市,江苏,启东路,静安区,0.1,已收录,
县级市,海安市,江苏,海安路,杨浦区,0.87,已收录,
县级市,东台市,江苏,东台路,黄浦区,0.19,已收录,
县级市,高邮市,江苏,高邮路,徐汇区,0.35,已收录,
县级市,丹阳市,江苏,丹阳路,杨浦区,0.37,已收录,
县级市,句容市,江苏,句容路,静安区,0.28,已收录,
县级市,泰兴市,江苏,泰兴路,静安区,1.05,已收录,
县级市,建德市,浙江,建德路,黄浦区,0.36,已收录,
县级市,余姚市,浙江,余姚路,静安区,1.66,已收录,
县级市,余姚市,浙江,余姚路607弄,静安区,0.18,新发现,人工复核：非以该城市命名
县级市,慈溪市,浙江,慈溪路,静安区,0.19,已收录,
县级市,瑞安市,浙江,瑞安路,浦东新区,1.59,已收录,
县级市,龙港市,浙江,鸽龙港路,崇明区,4.84,新发现,人工复核：非以该城市命名
县级市,海宁市,浙江,北海宁路,虹口区,0.19,已收录,
县级市,海宁市,浙江,海宁路,静安区,5.41,已收录,
县级市,兰溪市,浙江,兰溪路,普陀区,3.88,已收录,
县级市,兰溪市,浙江,兰溪路地道,普陀区,0.07,新发现,人工复核：非以该城市命名
县级市,永康市,浙江,永康路,崇明区/徐汇区,3.47,已收录,
县级市,永康市,浙江,永康路109弄,徐汇区,0.02,新发现,人工复核：非以该城市命名
县级市,永康市,浙江,永康路116弄,徐汇区,0.02,新发现,人工复核：非以该城市命名
县级市,永康市,浙江,永康路141弄,徐汇区,0.14,新发现,人工复核：非以该城市命名
县级市,永康市,浙江,永康路142弄,徐汇区,0.17,新发现,人工复核：非以该城市命名
县级市,永康市,浙江,永康路175弄,徐汇区,0.17,新发现,人工复核：非以该城市命名
县级市,永康市,浙江,永康路38弄,徐汇区,0.05,新发现,人工复核：非以该城市命名
县级市,江山市,浙江,一江山路,崇明区,1.95,新发现,人工复核：非以该城市命名
县级市,江山市,浙江,江山路,浦东新区,25.63,正向已排除,
县级市,玉环市,浙江,玉环路,崇明区,1.08,正向已排除,
县级市,龙泉市,浙江,龙泉园路,黄浦区,0.13,新发现,人工复核：非以该城市命名
县级市,龙泉市,浙江,龙泉路,奉贤区,0.8,正向已排除,
县级市,宁国市,安徽,宁国南路,杨浦区,0.1,已收录,
县级市,宁国市,安徽,宁国路,杨浦区,2.75,已收录,
县级市,广德市,安徽,广德路,杨浦区,0.4,已收录,
县级市,永安市,福建,新永安路,黄浦区,0.33,新发现,人工复核：非以该城市命名
县级市,永安市,福建,永安之路,浦东新区,0.32,新发现,人工复核：非以该城市命名
县级市,永安市,福建,永安桥,青浦区,0.01,新发现,人工复核：非以该城市命名
县级市,永安市,福建,永安路,浦东新区/黄浦区,1.1,已收录,
县级市,南安市,福建,南安德路,嘉定区,1.94,新发现,人工复核：非以该城市命名
县级市,南安市,福建,南安路,嘉定区/金山区,2.01,正向已排除,
县级市,龙海市,福建,龙海路,金山区,1.11,已收录,
县级市,瑞昌市,江西,瑞昌路,浦东新区,0.84,已收录,
县级市,瑞金市,江西,瑞金一路,黄浦区,0.57,已收录,
县级市,瑞金市,江西,瑞金二路,黄浦区,1.65,已收录,
县级市,瑞金市,江西,瑞金二路198弄,黄浦区,0.05,新发现,人工复核：非以该城市命名
县级市,瑞金市,江西,瑞金医院路,黄浦区,0.51,新发现,人工复核：非以该城市命名
县级市,瑞金市,江西,瑞金南路,徐汇区,2.35,已收录,
县级市,龙南市,江西,徐龙南路,青浦区,0.27,新发现,人工复核：非以该城市命名
县级市,高安市,江西,高安路,徐汇区,1.1,已收录,
县级市,德兴市,江西,德兴街,浦东新区,1.11,正向已排除,
县级市,胶州市,山东,胶州路,静安区,2.39,已收录,
县级市,胶州市,山东,胶州路 319 弄,静安区,0.11,新发现,人工复核：非以该城市命名
县级市,胶州市,山东,胶州路273弄,静安区,0.13,新发现,人工复核：非以该城市命名
县级市,平度市,山东,平度路,浦东新区,1.16,已收录,
县级市,龙口市,山东,龙口路,杨浦区,0.76,已收录,
县级市,莱阳市,山东,莱阳路,浦东新区,10.16,已收录,
县级市,招远市,山东,招远路,浦东新区,0.17,已收录,
县级市,栖霞市,山东,栖霞路,浦东新区,1.18,已收录,
县级市,海阳市,山东,海阳西路,浦东新区,1.45,已收录,
县级市,海阳市,山东,海阳路,浦东新区,2.66,已收录,
县级市,海阳市,山东,海阳路 1040 弄,浦东新区,0.33,新发现,人工复核：非以该城市命名
县级市,寿光市,山东,寿光路,浦东新区,0.39,已收录,
县级市,昌邑市,山东,昌邑路,浦东新区,4.93,已收录,
县级市,曲阜市,山东,曲阜西路,静安区,0.58,已收录,
县级市,曲阜市,山东,曲阜路,静安区,0.92,已收录,
县级市,新泰市,山东,新泰路,宝山区,0.23,正向已排除,
县级市,荣成市,山东,荣成路,浦东新区,0.72,已收录,
县级市,荣成市,山东,荣成路入口,浦东新区,0.27,新发现,人工复核：非以该城市命名
县级市,乳山市,山东,乳山路,浦东新区,2.59,已收录,
县级市,邹平市,山东,邹平路,浦东新区,0.87,已收录,
县级市,枣阳市,湖北,枣阳路,普陀区,2.19,已收录,
县级市,利川市,湖北,利川码头街,黄浦区,0.1,新发现,人工复核：非以该城市命名
县级市,利川市,湖北,利川路,浦东新区,1.1,已收录,
县级市,天门市,湖北,天门街,浦东新区,0.42,已收录,
县级市,韶山市,湖南,韶山路,宝山区,0.83,已收录,
县级市,乐昌市,广东,乐昌路,浦东新区,1.21,已收录,
县级市,开平市,广东,开平路,黄浦区,0.2,已收录,
县级市,恩平市,广东,恩平路,普陀区,0.24,已收录,
县级市,荔浦市,广西,荔浦路,金山区,0.48,已收录,
县级市,东兴市,广西,东兴公路,松江区,3.18,新发现,人工复核：非以该城市命名
县级市,东兴市,广西,东兴路,松江区/金山区,4.6,正向已排除,
县级市,桂平市,广西,桂平支路,徐汇区,0.25,已收录,
县级市,桂平市,广西,桂平路,徐汇区,3.48,已收录,
县级市,平果市,广西,平果路,徐汇区,0.49,已收录,
县级市,万宁市,海南,万宁路,嘉定区,1.28,正向已排除,
县级市,东方市,海南,东方美谷大道,奉贤区,33.61,新发现,人工复核：非以该城市命名
县级市,东方市,海南,东方路,浦东新区/青浦区,32.87,正向已排除,
县级市,东方市,海南,东方路 873 弄,浦东新区,0.33,新发现,人工复核：非以该城市命名
县级市,崇州市,四川,崇州路,崇明区,1.33,正向已排除,
县级市,简阳市,四川,简阳路,普陀区,0.1,已收录,
县级市,隆昌市,四川,隆昌路,杨浦区,2.94,已收录,
县级市,隆昌市,四川,隆昌路下立交,杨浦区,1.76,新发现,人工复核：非以该城市命名
县级市,万源市,四川,万源路,闵行区,4.69,已收录,
县级市,康定市,四川,康定东路,静安区,0.38,已收录,
县级市,康定市,四川,康定路,静安区,2.83,已收录,
县级市,兴义市,贵州,兴义路,长宁区,0.65,已收录,
县级市,福泉市,贵州,福泉北路,长宁区,1.58,已收录,
县级市,福泉市,贵州,福泉山路,青浦区,1.19,新发现,人工复核：非以该城市命名
县级市,福泉市,贵州,福泉路,长宁区,2.47,已收录,
县级市,安宁市,云南,安宁路,闵行区,1.99,已收录,
县级市,安宁市,云南,安宁路26弄,闵行区,0.91,新发现,人工复核：非以该城市命名
县级市,安宁市,云南,安宁路88弄,闵行区,0.64,新发现,人工复核：非以该城市命名
县级市,澄江市,云南,澄江路,闵行区,4.27,已收录,
县级市,腾冲市,云南,腾冲路,闵行区,1.02,已收录,
县级市,蒙自市,云南,蒙自东路,黄浦区,0.3,已收录,
县级市,蒙自市,云南,蒙自西路,黄浦区,0.29,已收录,
县级市,蒙自市,云南,蒙自路,黄浦区,1.88,已收录,
县级市,景洪市,云南,景洪路,闵行区,5.51,已收录,
县级市,瑞丽市,云南,瑞丽江路,宝山区,8.41,新发现,人工复核：非以该城市命名
县级市,瑞丽市,云南,瑞丽路,闵行区,3.58,已收录,
县级市,香格里拉市,云南,香格里拉路,浦东新区,5.13,正向已排除,
县级市,韩城市,陕西,韩城路,浦东新区,0.82,已收录,
县级市,华阴市,陕西,华阴路,普陀区,0.73,已收录,
县级市,子长市,陕西,子长路,普陀区,0.89,已收录,
县级市,华亭市,甘肃,华亭路,徐汇区/金山区,0.76,正向已排除,
县级市,华亭市,甘肃,南华亭东路,奉贤区,0.66,正向已排除,
县级市,玉门市,甘肃,玉门路,普陀区,0.65,已收录,
县级市,敦煌市,甘肃,敦煌路,普陀区,1.37,已收录,
县级市,临夏市,甘肃,临夏路,嘉定区,0.98,已收录,
县级市,合作市,甘肃,合作南路,嘉定区,0.57,正向已排除,
县级市,合作市,甘肃,合作路,嘉定区/崇明区,8.5,正向已排除,
县级市,玉树市,青海,玉树北路,松江区,1.54,已收录,
县级市,玉树市,青海,玉树路,松江区,5.36,已收录,
县级市,昌吉市,新疆,昌吉东路,嘉定区,7.14,已收录,
县级市,昌吉市,新疆,昌吉路,嘉定区,4.1,已收录,
县级市,阜康市,新疆,阜康西路,嘉定区,1.2,已收录,
县级市,博乐市,新疆,博乐南路,嘉定区,1.49,已收录,
县级市,博乐市,新疆,博乐路,嘉定区,1.78,已收录,
县级市,阿克苏市,新疆,阿克苏南路,嘉定区,0.86,已收录,
县级市,阿克苏市,新疆,阿克苏路,嘉定区,7.24,已收录,
县级市,和田市,新疆,和田路,静安区,1.08,已收录,
县级市,伊宁市,新疆,伊宁路,嘉定区,13.5,已收录,
县级市,塔城市,新疆,塔城东路,嘉定区,2.85,已收录,
县级市,塔城市,新疆,塔城路,嘉定区,5.65,已收录,
县级市,塔城市,新疆,塔城路辅路,嘉定区,1.53,新发现,人工复核：非以该城市命名
县级市,双河市,新疆,双河路,普陀区,0.79,正向已排除,
县级市,旬阳市,陕西,旬阳路,普陀区,0.42,已收录,
