路名,所在区,匹配地名,省级行政区,对应行政区,结果,说明
东川路,闵行区,东川,云南,昆明市东川区,收录,城市/县名
临沧支路,闵行区,临沧,云南,临沧市,收录,城市/县名
临沧路,闵行区,临沧,云南,临沧市,收录,城市/县名
云南中路,黄浦区,云南,云南,云南,收录,省名
云南北路,黄浦区,云南,云南,云南,收录,省名
云南南路,黄浦区,云南,云南,云南,收录,省名
元江路,闵行区,元江,云南,玉溪市元江哈尼族彝族傣族自治县,收录,城市/县名
元阳路,闵行区,元阳,云南,红河哈尼族彝族自治州元阳县,收录,城市/县名
兰坪路,闵行区,兰坪,云南,怒江傈僳族自治州兰坪白族普米族自治县,收录,城市/县名
凤庆路,闵行区,凤庆,云南,临沧市凤庆县,收录,城市/县名
剑川路,闵行区,剑川,云南,大理白族自治州剑川县,收录,城市/县名
华坪路,闵行区,华坪,云南,丽江市华坪县,收录,城市/县名
华宁路,闵行区,华宁,云南,玉溪市华宁县,收录,城市/县名
双柏路,闵行区,双柏,云南,楚雄彝族自治州双柏县,收录,城市/县名
墨江路,闵行区,墨江,云南,普洱市墨江哈尼族自治县,收录,城市/县名
大关路,闵行区,大关,云南,昭通市大关县,收录,城市/县名
大姚路,闵行区,大姚,云南,楚雄彝族自治州大姚县,收录,城市/县名
姚安路,闵行区,姚安,云南,楚雄彝族自治州姚安县,收录,城市/县名
安宁路,闵行区,安宁,云南,昆明市安宁市,收录,城市/县名
宾川路,闵行区,宾川,云南,大理白族自治州宾川县,收录,城市/县名
富民路,静安区,富民,云南,昆明市富民县,收录,城市/县名
广南路,闵行区,广南,云南,文山壮族苗族自治州广南县,收录,城市/县名
德宏路,闵行区,德宏,云南,德宏傣族景颇族自治州,收录,城市/县名
昆明路,杨浦区,昆明,云南,昆明市,收录,城市/县名
昭通路,黄浦区,昭通,云南,昭通市,收录,城市/县名
普洱路,闵行区,普洱,云南,普洱市,收录,城市/县名
景东路,闵行区,景东,云南,普洱市景东彝族自治县,收录,城市/县名
景东路,闵行区,景东,云南,普洱市景东彝族自治县,收录,城市/县名
景洪路,闵行区,景洪,云南,西双版纳傣族自治州景洪市,收录,城市/县名
景谷东路,闵行区,景谷,云南,普洱市景谷傣族彝族自治县,收录,城市/县名
景谷路,闵行区,景谷,云南,普洱市景谷傣族彝族自治县,收录,城市/县名
武定西路,长宁区,武定,云南,楚雄彝族自治州武定县,收录,城市/县名
武定路,静安区,武定,云南,楚雄彝族自治州武定县,收录,城市/县名
永平路,闵行区,永平,云南,大理白族自治州永平县,收录,城市/县名
永德路,闵行区,永德,云南,临沧市永德县,收录,城市/县名
江城路,闵行区,江城,云南,普洱市江城哈尼族彝族自治县,收录,城市/县名
江川东路,闵行区,江川,云南,玉溪市江川区,收录,城市/县名
江川路,闵行区,江川,云南,玉溪市江川区,收录,城市/县名
沧源路,闵行区,沧源,云南,临沧市沧源佤族自治县,收录,城市/县名
澄江路,闵行区,澄江,云南,玉溪市澄江县,收录,城市/县名
澜沧路,闵行区,澜沧,云南,普洱市澜沧拉祜族自治县,收录,城市/县名
瑞丽路,闵行区,瑞丽,云南,德宏傣族景颇族自治州瑞丽市,收录,城市/县名
石屏路,闵行区,石屏,云南,红河哈尼族彝族自治州石屏县,收录,城市/县名
石林路,闵行区,石林,云南,昆明市石林彝族自治县,收录,城市/县名
祥云路,闵行区,祥云,云南,大理白族自治州祥云县,收录,城市/县名
绿春路,闵行区,绿春,云南,红河哈尼族彝族自治州绿春县,收录,城市/县名
腾冲路,闵行区,腾冲,云南,保山市腾冲市,收录,城市/县名
腾越路,杨浦区,腾越,云南,腾越（今云南腾冲）,收录,城市/县名
蒙自东路,黄浦区,蒙自,云南,红河哈尼族彝族自治州蒙自市,收录,城市/县名
蒙自西路,黄浦区,蒙自,云南,红河哈尼族彝族自治州蒙自市,收录,城市/县名
蒙自路,黄浦区,蒙自,云南,红河哈尼族彝族自治州蒙自市,收录,城市/县名
西畴路,闵行区,西畴,云南,文山壮族苗族自治州西畴县,收录,城市/县名
贡山路,闵行区,贡山,云南,怒江傈僳族自治州贡山独龙族怒族自治县,收录,城市/县名
通海路,闵行区,通海,云南,玉溪市通海县,收录,城市/县名
金平路,闵行区,金平,云南,红河哈尼族彝族自治州金平苗族瑶族傣族自治县,收录,城市/县名
鹤庆路,闵行区,鹤庆,云南,大理白族自治州鹤庆县,收录,城市/县名
丰镇路,虹口区,丰镇,内蒙古,乌兰察布市丰镇市,收录,城市/县名
五原路,徐汇区,五原,内蒙古,巴彦淖尔市五原县,收录,城市/县名
兴安路,黄浦区,兴安,内蒙古,兴安盟,收录,城市/县名
凉城路,虹口区,凉城,内蒙古,乌兰察布市凉城县,收录,城市/县名
包头南路,杨浦区,包头,内蒙古,包头市,收录,城市/县名
包头路,杨浦区,包头,内蒙古,包头市,收录,城市/县名
多伦路,虹口区,多伦,内蒙古,锡林郭勒盟多伦县,收录,城市/县名
宁城路,杨浦区,宁城,内蒙古,赤峰市宁城县,收录,城市/县名
开鲁路,杨浦区,开鲁,内蒙古,通辽市开鲁县,收录,城市/县名
武川路,杨浦区,武川,内蒙古,呼和浩特市武川县,收录,城市/县名
海拉尔路,虹口区,海拉尔,内蒙古,呼伦贝尔市海拉尔区,收录,城市/县名
赤峰路,虹口区,赤峰,内蒙古,赤峰市,收录,城市/县名
鄂尔多斯路,普陀区,鄂尔多斯,内蒙古,鄂尔多斯市,收录,城市/县名
集宁路,宝山区,集宁,内蒙古,乌兰察布市集宁区,收录,城市/县名
北京东路,黄浦区,北京,北京,北京,收录,城市/县名
北京西路,静安区,北京,北京,北京,收录,城市/县名
宛平南路,徐汇区,宛平,北京,宛平（今属北京丰台）,收录,城市/县名
宛平路,徐汇区,宛平,北京,宛平（今属北京丰台）,收录,城市/县名
密云路,虹口区,密云,北京,北京密云区,收录,城市/县名
延庆路,徐汇区,延庆,北京,北京延庆区,收录,城市/县名
昌平路,静安区,昌平,北京,北京昌平区,收录,城市/县名
顺义路,普陀区,顺义,北京,北京顺义区,收录,城市/县名
台中北路,浦东新区,台中,台湾,台中,收录,城市/县名
台中南路,浦东新区,台中,台湾,台中,收录,城市/县名
台北东路,浦东新区,台北,台湾,台北,收录,城市/县名
台北西路,浦东新区,台北,台湾,台北,收录,城市/县名
台南西路,浦东新区,台南,台湾,台南,收录,城市/县名
台湾路,黄浦区,台湾,台湾,台湾,收录,省名
基隆路,浦东新区,基隆,台湾,基隆,收录,城市/县名
淡水路,黄浦区,淡水,台湾,淡水,收录,城市/县名
金门路,黄浦区,金门,台湾,金门,收录,城市/县名
高雄路,黄浦区,高雄,台湾,高雄,收录,城市/县名
双辽支路,杨浦区,双辽,吉林,四平市双辽市,收录,城市/县名
双辽路,杨浦区,双辽,吉林,四平市双辽市,收录,城市/县名
双阳北路,杨浦区,双阳,吉林,长春市双阳区,收录,城市/县名
双阳支路,杨浦区,双阳,吉林,长春市双阳区,收录,城市/县名
双阳路,杨浦区,双阳,吉林,长春市双阳区,收录,城市/县名
吉林路,杨浦区,吉林,吉林,吉林,收录,省名
和龙路,浦东新区,和龙,吉林,延边朝鲜族自治州和龙市,收录,城市/县名
四平路,杨浦区,四平,吉林,四平市,收录,城市/县名
图们路,杨浦区,图们,吉林,延边朝鲜族自治州图们市,收录,城市/县名
安图路,杨浦区,安图,吉林,延边朝鲜族自治州安图县,收录,城市/县名
延吉东路,杨浦区,延吉,吉林,延边朝鲜族自治州延吉市,收录,城市/县名
延吉中路,杨浦区,延吉,吉林,延边朝鲜族自治州延吉市,收录,城市/县名
延吉西路,杨浦区,延吉,吉林,延边朝鲜族自治州延吉市,收录,城市/县名
敦化路,杨浦区,敦化,吉林,延边朝鲜族自治州敦化市,收录,城市/县名
永吉路,杨浦区,永吉,吉林,吉林市永吉县,收录,城市/县名
白城南路,杨浦区,白城,吉林,白城市,收录,城市/县名
白城路,杨浦区,白城,吉林,白城市,收录,城市/县名
舒兰路,杨浦区,舒兰,吉林,吉林市舒兰市,收录,城市/县名
辽源东路,杨浦区,辽源,吉林,辽源市,收录,城市/县名
辽源西路,杨浦区,辽源,吉林,辽源市,收录,城市/县名
长岭路,杨浦区,长岭,吉林,松原市长岭县,收录,城市/县名
长春支路,虹口区,长春,吉林,长春市,收录,城市/县名
长春路,虹口区,长春,吉林,长春市,收录,城市/县名
靖宇东路,杨浦区,靖宇,吉林,白山市靖宇县,收录,城市/县名
靖宇中路,杨浦区,靖宇,吉林,白山市靖宇县,收录,城市/县名
靖宇南路,杨浦区,靖宇,吉林,白山市靖宇县,收录,城市/县名
万源路,闵行区,万源,四川,达州市万源市,收录,城市/县名
万源路,闵行区,万源,四川,达州市万源市,收录,城市/县名
中江路,普陀区,中江,四川,德阳市中江县,收录,城市/县名
丹巴路,普陀区,丹巴,四川,甘孜藏族自治州丹巴县,收录,城市/县名
丹棱路,徐汇区,丹棱,四川,眉山市丹棱县,收录,城市/县名
乐山支路,徐汇区,乐山,四川,乐山市,收录,城市/县名
乐山路,徐汇区,乐山,四川,乐山市,收录,城市/县名
内江支路,杨浦区,内江,四川,内江市,收录,城市/县名
内江路,杨浦区,内江,四川,内江市,收录,城市/县名
双流路,长宁区,双流,四川,成都市双流区,收录,城市/县名
嘉陵路,徐汇区,嘉陵,四川,南充市嘉陵区,收录,城市/县名
四川中路,黄浦区,四川,四川,四川,收录,省名
四川北路,虹口区,四川,四川,四川,收录,省名
四川南路,黄浦区,四川,四川,四川,收录,省名
平武路,长宁区,平武,四川,绵阳市平武县,收录,城市/县名
广元西路,徐汇区,广元,四川,广元市,收录,城市/县名
广元路,徐汇区,广元,四川,广元市,收录,城市/县名
康定东路,静安区,康定,四川,甘孜藏族自治州康定市,收录,城市/县名
康定路,静安区,康定,四川,甘孜藏族自治州康定市,收录,城市/县名
开江中路,松江区,开江,四川,达州市开江县,收录,城市/县名
开江二路,松江区,开江,四川,达州市开江县,收录,城市/县名
开江西路,松江区,开江,四川,达州市开江县,收录,城市/县名
德昌路,徐汇区,德昌,四川,凉山彝族自治州德昌县,收录,城市/县名
成都北路,静安区,成都,四川,成都市,收录,城市/县名
成都南路,黄浦区,成都,四川,成都市,收录,城市/县名
昭化东路,长宁区,昭化,四川,广元市昭化区,收录,城市/县名
昭化路,长宁区,昭化,四川,广元市昭化区,收录,城市/县名
松潘路,杨浦区,松潘,四川,阿坝藏族羌族自治州松潘县,收录,城市/县名
武胜路,黄浦区,武胜,四川,广安市武胜县,收录,城市/县名
江安路,徐汇区,江安,四川,宜宾市江安县,收录,城市/县名
沐川路,松江区,沐川,四川,乐山市沐川县,收录,城市/县名
泸定路,普陀区,泸定,四川,甘孜藏族自治州泸定县,收录,城市/县名
白玉路,普陀区,白玉,四川,甘孜藏族自治州白玉县,收录,城市/县名
眉州支路,杨浦区,眉州,四川,眉州（今四川眉山）,收录,城市/县名
眉州路,杨浦区,眉州,四川,眉州（今四川眉山）,收录,城市/县名
简阳路,普陀区,简阳,四川,成都市简阳市,收录,城市/县名
米易路,松江区,米易,四川,攀枝花市米易县,收录,城市/县名
西康路,静安区,西康,四川,西康（旧省名）,收录,省名
金阳路,闵行区,金阳,四川,凉山彝族自治州金阳县,收录,城市/县名
长宁支路,长宁区,长宁,四川,宜宾市长宁县,收录,城市/县名
长宁路,长宁区,长宁,四川,宜宾市长宁县,收录,城市/县名
隆昌路,杨浦区,隆昌,四川,内江市隆昌县,收录,城市/县名
雅安路,徐汇区,雅安,四川,雅安市,收录,城市/县名
塘沽路,虹口区,塘沽,天津,塘沽（今天津滨海新区）,收录,城市/县名
大沽路,静安区,大沽,天津,大沽（今天津滨海新区）,收录,城市/县名
天津路,黄浦区,天津,天津,天津,收录,城市/县名
中宁路,普陀区,中宁,宁夏,中卫市中宁县,收录,城市/县名
同心路,虹口区,同心,宁夏,吴忠市同心县,收录,城市/县名
宁夏路,普陀区,宁夏,宁夏,宁夏,收录,省名
隆德路,普陀区,隆德,宁夏,固原市隆德县,收录,城市/县名
凤阳路,黄浦区,凤阳,安徽,滁州市凤阳县,收录,城市/县名
合肥路,黄浦区,合肥,安徽,合肥市,收录,城市/县名
宁国南路,杨浦区,宁国,安徽,宣城市宁国市,收录,城市/县名
宁国路,杨浦区,宁国,安徽,宣城市宁国市,收录,城市/县名
安庆路,静安区,安庆,安徽,安庆市,收录,城市/县名
广德路,杨浦区,广德,安徽,宣城市广德县,收录,城市/县名
来安路,浦东新区,来安,安徽,滁州市来安县,收录,城市/县名
繁昌路,浦东新区,繁昌,安徽,芜湖市繁昌县,收录,城市/县名
霍山路,杨浦区,霍山,安徽,六安市霍山县,收录,城市/县名
黄山路,静安区,黄山,安徽,黄山市,收录,城市/县名
东平路,徐汇区,东平,山东,泰安市东平县,收录,城市/县名
东明路,浦东新区,东明,山东,菏泽市东明县,收录,城市/县名
临沂北路,浦东新区,临沂,山东,临沂市,收录,城市/县名
临沂路,浦东新区,临沂,山东,临沂市,收录,城市/县名
乳山路,浦东新区,乳山,山东,威海市乳山市,收录,城市/县名
五莲路,浦东新区,五莲,山东,日照市五莲县,收录,城市/县名
兰陵路,浦东新区,兰陵,山东,临沂市兰陵县,收录,城市/县名
利津路,浦东新区,利津,山东,东营市利津县,收录,城市/县名
博兴路,浦东新区,博兴,山东,滨州市博兴县,收录,城市/县名
博山东路,浦东新区,博山,山东,淄博市博山区,收录,城市/县名
博山路,浦东新区,博山,山东,淄博市博山区,收录,城市/县名
即墨路,浦东新区,即墨,山东,青岛市即墨市,收录,城市/县名
历城路,浦东新区,历城,山东,济南市历城区,收录,城市/县名
台儿庄路,浦东新区,台儿庄,山东,枣庄市台儿庄区,收录,城市/县名
威海路,静安区,威海,山东,威海市,收录,城市/县名
寿光路,浦东新区,寿光,山东,潍坊市寿光市,收录,城市/县名
山东中路,黄浦区,山东,山东,山东,收录,省名
山东北路,黄浦区,山东,山东,山东,收录,省名
山东南路,黄浦区,山东,山东,山东,收录,省名
巨野路,浦东新区,巨野,山东,菏泽市巨野县,收录,城市/县名
平度路,浦东新区,平度,山东,青岛市平度市,收录,城市/县名
微山路,浦东新区,微山,山东,济宁市微山县,收录,城市/县名
微山路,崇明区,微山,山东,济宁市微山县,收录,城市/县名
德州路,浦东新区,德州,山东,德州市,收录,城市/县名
惠民路,杨浦区,惠民,山东,滨州市惠民县,收录,城市/县名
招远路,浦东新区,招远,山东,烟台市招远市,收录,城市/县名
日照路,浦东新区,日照,山东,日照市,收录,城市/县名
昌邑路,浦东新区,昌邑,山东,潍坊市昌邑市,收录,城市/县名
曲阜西路,静安区,曲阜,山东,济宁市曲阜市,收录,城市/县名
曲阜路,静安区,曲阜,山东,济宁市曲阜市,收录,城市/县名
枣庄路,浦东新区,枣庄,山东,枣庄市,收录,城市/县名
栖霞路,浦东新区,栖霞,山东,烟台市栖霞市,收录,城市/县名
沂南路,浦东新区,沂南,山东,临沂市沂南县,收录,城市/县名
泰安路,长宁区,泰安,山东,泰安市,收录,城市/县名
济南路,黄浦区,济南,山东,济南市,收录,城市/县名
济宁路,杨浦区,济宁,山东,济宁市,收录,城市/县名
济阳路,浦东新区,济阳,山东,济南市济阳县,收录,城市/县名
海阳西路,浦东新区,海阳,山东,烟台市海阳市,收录,城市/县名
海阳路,浦东新区,海阳,山东,烟台市海阳市,收录,城市/县名
潍坊西路,浦东新区,潍坊,山东,潍坊市,收录,城市/县名
潍坊路,浦东新区,潍坊,山东,潍坊市,收录,城市/县名
牟平路,浦东新区,牟平,山东,烟台市牟平区,收录,城市/县名
福山路,浦东新区,福山,山东,烟台市福山区,收录,城市/县名
胶州路,静安区,胶州,山东,青岛市胶州市,收录,城市/县名
芝罘路,黄浦区,芝罘,山东,烟台市芝罘区,收录,城市/县名
荣成路,浦东新区,荣成,山东,威海市荣成市,收录,城市/县名
莱阳路,浦东新区,莱阳,山东,烟台市莱阳市,收录,城市/县名
菏泽路,浦东新区,菏泽,山东,菏泽市,收录,城市/县名
蓬莱路,青浦区,蓬莱,山东,烟台市蓬莱市,收录,城市/县名
蓬莱路,黄浦区,蓬莱,山东,烟台市蓬莱市,收录,城市/县名
邹平路,浦东新区,邹平,山东,滨州市邹平县,收录,城市/县名
长清北路,浦东新区,长清,山东,济南市长清区,收录,城市/县名
长清路,浦东新区,长清,山东,济南市长清区,收录,城市/县名
青岛路,黄浦区,青岛,山东,青岛市,收录,城市/县名
高青西路,浦东新区,高青,山东,淄博市高青县,收录,城市/县名
高青路,浦东新区,高青,山东,淄博市高青县,收录,城市/县名
齐河路,浦东新区,齐河,山东,德州市齐河县,收录,城市/县名
龙口路,杨浦区,龙口,山东,烟台市龙口市,收录,城市/县名
万荣一路,静安区,万荣,山西,运城市万荣县,收录,城市/县名
万荣路,静安区,万荣,山西,运城市万荣县,收录,城市/县名
临汾路,静安区,临汾,山西,临汾市,收录,城市/县名
交城路,静安区,交城,山西,吕梁市交城县,收录,城市/县名
保德路,静安区,保德,山西,忻州市保德县,收录,城市/县名
原平路,静安区,原平,山西,忻州市原平市,收录,城市/县名
大宁路,静安区,大宁,山西,临汾市大宁县,收录,城市/县名
天镇路,虹口区,天镇,山西,大同市天镇县,收录,城市/县名
太原路,徐汇区,太原,山西,太原市,收录,城市/县名
宁武路,杨浦区,宁武,山西,忻州市宁武县,收录,城市/县名
安泽路,静安区,安泽,山西,临汾市安泽县,收录,城市/县名
寿阳路,静安区,寿阳,山西,晋中市寿阳县,收录,城市/县名
山西北路,静安区,山西,山西,山西,收录,省名
山西南路,黄浦区,山西,山西,山西,收录,省名
山阴路,虹口区,山阴,山西,朔州市山阴县,收录,城市/县名
平定路,杨浦区,平定,山西,阳泉市平定县,收录,城市/县名
平遥路,宝山区,平遥,山西,晋中市平遥县,收录,城市/县名
平陆路,静安区,平陆,山西,运城市平陆县,收录,城市/县名
平顺路,静安区,平顺,山西,长治市平顺县,收录,城市/县名
广灵一路,虹口区,广灵,山西,大同市广灵县,收录,城市/县名
广灵二路,虹口区,广灵,山西,大同市广灵县,收录,城市/县名
广灵四路,虹口区,广灵,山西,大同市广灵县,收录,城市/县名
晋城路,静安区,晋城,山西,晋城市,收录,城市/县名
曲沃路,静安区,曲沃,山西,临汾市曲沃县,收录,城市/县名
柳林路,黄浦区,柳林,山西,吕梁市柳林县,收录,城市/县名
永和东路,静安区,永和,山西,临汾市永和县,收录,城市/县名
永和路,静安区,永和,山西,临汾市永和县,收录,城市/县名
汾西路,静安区,汾西,山西,临汾市汾西县,收录,城市/县名
汾阳路,徐汇区,汾阳,山西,吕梁市汾阳市,收录,城市/县名
河曲路,宝山区,河曲,山西,忻州市河曲县,收录,城市/县名
泽州路,静安区,泽州,山西,晋城市泽州县,收录,城市/县名
灵石路,静安区,灵石,山西,晋中市灵石县,收录,城市/县名
运城路,静安区,运城,山西,运城市,收录,城市/县名
东长治路,虹口区,长治,山西,长治市,收录,城市/县名
长治路,虹口区,长治,山西,长治市,收录,城市/县名
闻喜路,静安区,闻喜,山西,运城市闻喜县,收录,城市/县名
阳城路,静安区,阳城,山西,晋城市阳城县,收录,城市/县名
阳曲路,静安区,阳曲,山西,太原市阳曲县,收录,城市/县名
阳泉路,静安区,阳泉,山西,阳泉市,收录,城市/县名
高平路,静安区,高平,山西,晋城市高平市,收录,城市/县名
丰顺路,闵行区,丰顺,广东,梅州市丰顺县,收录,城市/县名
乐昌路,浦东新区,乐昌,广东,韶关市乐昌市,收录,城市/县名
佛山路,松江区,佛山,广东,佛山市,收录,城市/县名
宝安支路,虹口区,宝安,广东,深圳市宝安区,收录,城市/县名
宝安路,虹口区,宝安,广东,深圳市宝安区,收录,城市/县名
广东路,黄浦区,广东,广东,广东,收录,省名
广州路,杨浦区,广州,广东,广州市,收录,城市/县名
开平路,黄浦区,开平,广东,江门市开平市,收录,城市/县名
恩平路,普陀区,恩平,广东,江门市恩平市,收录,城市/县名
新丰路,静安区,新丰,广东,韶关市新丰县,收录,城市/县名
新会路,普陀区,新会,广东,江门市新会区,收录,城市/县名
梅州街,金山区,梅州,广东,梅州市,收录,城市/县名
梅州路,闵行区,梅州,广东,梅州市,收录,城市/县名
汕头路,黄浦区,汕头,广东,汕头市,收录,城市/县名
潮州路,普陀区,潮州,广东,潮州市,收录,城市/县名
番禺路,长宁区,番禺,广东,广州市番禺区,收录,城市/县名
紫金路,黄浦区,紫金,广东,河源市紫金县,收录,城市/县名
茂名北路,静安区,茂名,广东,茂名市,收录,城市/县名
茂名南路,黄浦区,茂名,广东,茂名市,收录,城市/县名
顺德路,静安区,顺德,广东,佛山市顺德区,收录,城市/县名
龙川北路,徐汇区,龙川,广东,河源市龙川县,收录,城市/县名
龙川路,徐汇区,龙川,广东,河源市龙川县,收录,城市/县名
龙门路,黄浦区,龙门,广东,惠州市龙门县,收录,城市/县名
三江路,徐汇区,三江,广西,柳州市三江侗族自治县,收录,城市/县名
上林路,徐汇区,上林,广西,南宁市上林县,收录,城市/县名
东兰路,闵行区,东兰,广西,河池市东兰县,收录,城市/县名
临桂路,金山区,临桂,广西,桂林市临桂区,收录,城市/县名
乐业路,金山区,乐业,广西,百色市乐业县,收录,城市/县名
全州路,徐汇区,全州,广西,桂林市全州县,收录,城市/县名
兴业路,黄浦区,兴业,广西,玉林市兴业县,收录,城市/县名
凌云路,徐汇区,凌云,广西,百色市凌云县,收录,城市/县名
北海路,黄浦区,北海,广西,北海市,收录,城市/县名
南丹东路,徐汇区,南丹,广西,河池市南丹县,收录,城市/县名
南丹路,徐汇区,南丹,广西,河池市南丹县,收录,城市/县名
南宁路,徐汇区,南宁,广西,南宁市,收录,城市/县名
叠彩路,徐汇区,叠彩,广西,桂林市叠彩区,收录,城市/县名
右江路,徐汇区,右江,广西,百色市右江区,收录,城市/县名
合浦路,金山区,合浦,广西,北海市合浦县,收录,城市/县名
天等路,徐汇区,天等,广西,崇左市天等县,收录,城市/县名
宜山北路,徐汇区,宜山,广西,宜山（今广西宜州）,收录,城市/县名
宜山路,徐汇区,宜山,广西,宜山（今广西宜州）,收录,城市/县名
宜州路,徐汇区,宜州,广西,河池市宜州市,收录,城市/县名
宾阳路,徐汇区,宾阳,广西,南宁市宾阳县,收录,城市/县名
富川路,金山区,富川,广西,贺州市富川瑶族自治县,收录,城市/县名
平南路,闵行区,平南,广西,贵港市平南县,收录,城市/县名
平果路,徐汇区,平果,广西,百色市平果县,收录,城市/县名
广西北路,黄浦区,广西,广西,广西,收录,省名
广西南路,黄浦区,广西,广西,广西,收录,省名
恭城路,徐汇区,恭城,广西,桂林市恭城瑶族自治县,收录,城市/县名
昭平路,徐汇区,昭平,广西,贺州市昭平县,收录,城市/县名
柳南路,徐汇区,柳南,广西,柳州市柳南区,收录,城市/县名
柳城路,金山区,柳城,广西,柳州市柳城县,收录,城市/县名
柳州路,徐汇区,柳州,广西,柳州市,收录,城市/县名
柳江街,黄浦区,柳江,广西,柳州市柳江区,收录,城市/县名
桂平支路,徐汇区,桂平,广西,贵港市桂平市,收录,城市/县名
桂平路,徐汇区,桂平,广西,贵港市桂平市,收录,城市/县名
桂林东街,徐汇区,桂林,广西,桂林市,收录,城市/县名
桂林西街,徐汇区,桂林,广西,桂林市,收录,城市/县名
桂林路,徐汇区,桂林,广西,桂林市,收录,城市/县名
梧州路,虹口区,梧州,广西,梧州市,收录,城市/县名
武宣路,徐汇区,武宣,广西,来宾市武宣县,收录,城市/县名
永福路,徐汇区,永福,广西,桂林市永福县,收录,城市/县名
浦北路,徐汇区,浦北,广西,钦州市浦北县,收录,城市/县名
灵山路,浦东新区,灵山,广西,钦州市灵山县,收录,城市/县名
环江路,金山区,环江,广西,河池市环江毛南族自治县,收录,城市/县名
田东路,徐汇区,田东,广西,百色市田东县,收录,城市/县名
田林东路,徐汇区,田林,广西,百色市田林县,收录,城市/县名
田林路,徐汇区,田林,广西,百色市田林县,收录,城市/县名
百色支路,徐汇区,百色,广西,百色市,收录,城市/县名
百色路,徐汇区,百色,广西,百色市,收录,城市/县名
罗城路,徐汇区,罗城,广西,河池市罗城仫佬族自治县,收录,城市/县名
苍梧路,徐汇区,苍梧,广西,梧州市苍梧县,收录,城市/县名
荔浦路,金山区,荔浦,广西,桂林市荔浦县,收录,城市/县名
蒙山北路,金山区,蒙山,广西,梧州市蒙山县,收录,城市/县名
蒙山路,金山区,蒙山,广西,梧州市蒙山县,收录,城市/县名
象州路,金山区,象州,广西,来宾市象州县,收录,城市/县名
钦州北路,徐汇区,钦州,广西,钦州市,收录,城市/县名
钦州南路,徐汇区,钦州,广西,钦州市,收录,城市/县名
钦州路,徐汇区,钦州,广西,钦州市,收录,城市/县名
隆安路,金山区,隆安,广西,南宁市隆安县,收录,城市/县名
青秀路,徐汇区,青秀,广西,南宁市青秀区,收录,城市/县名
龙州南路,闵行区,龙州,广西,崇左市龙州县,收录,城市/县名
龙州路,徐汇区,龙州,广西,崇左市龙州县,收录,城市/县名
龙胜东路,金山区,龙胜,广西,桂林市龙胜各族自治县,收录,城市/县名
龙胜路,金山区,龙胜,广西,桂林市龙胜各族自治县,收录,城市/县名
乌鲁木齐中路,徐汇区,乌鲁木齐,新疆,乌鲁木齐市,收录,城市/县名
乌鲁木齐北路,静安区,乌鲁木齐,新疆,乌鲁木齐市,收录,城市/县名
乌鲁木齐南路,徐汇区,乌鲁木齐,新疆,乌鲁木齐市,收录,城市/县名
于田南路,嘉定区,于田,新疆,和田地区于田县,收录,城市/县名
于田路,嘉定区,于田,新疆,和田地区于田县,收录,城市/县名
伊宁路,嘉定区,伊宁,新疆,伊犁哈萨克自治州伊宁县,收录,城市/县名
伊犁南路,长宁区,伊犁,新疆,伊犁哈萨克自治州,收录,城市/县名
伊犁路,长宁区,伊犁,新疆,伊犁哈萨克自治州,收录,城市/县名
博乐南路,嘉定区,博乐,新疆,博尔塔拉蒙古自治州博乐市,收录,城市/县名
博乐路,嘉定区,博乐,新疆,博尔塔拉蒙古自治州博乐市,收录,城市/县名
叶城路,嘉定区,叶城,新疆,喀什地区叶城县,收录,城市/县名
和田路,静安区,和田,新疆,和田地区,收录,城市/县名
和硕路,嘉定区,和硕,新疆,巴音郭楞蒙古自治州和硕县,收录,城市/县名
和静路,嘉定区,和静,新疆,巴音郭楞蒙古自治州和静县,收录,城市/县名
哈密路,长宁区,哈密,新疆,哈密市,收录,城市/县名
塔城东路,嘉定区,塔城,新疆,塔城地区,收录,城市/县名
塔城路,嘉定区,塔城,新疆,塔城地区,收录,城市/县名
墨玉南路,嘉定区,墨玉,新疆,和田地区墨玉县,收录,城市/县名
墨玉路,嘉定区,墨玉,新疆,和田地区墨玉县,收录,城市/县名
富蕴路,嘉定区,富蕴,新疆,阿勒泰地区富蕴县,收录,城市/县名
新源路,嘉定区,新源,新疆,伊犁哈萨克自治州新源县,收录,城市/县名
新疆路,静安区,新疆,新疆,新疆,收录,省名
昌吉东路,嘉定区,昌吉,新疆,昌吉回族自治州,收录,城市/县名
昌吉路,嘉定区,昌吉,新疆,昌吉回族自治州,收录,城市/县名
民丰路,嘉定区,民丰,新疆,和田地区民丰县,收录,城市/县名
泽普路,嘉定区,泽普,新疆,喀什地区泽普县,收录,城市/县名
洛浦路,嘉定区,洛浦,新疆,和田地区洛浦县,收录,城市/县名
温宿路,嘉定区,温宿,新疆,阿克苏地区温宿县,收录,城市/县名
温泉路,嘉定区,温泉,新疆,博尔塔拉蒙古自治州温泉县,收录,城市/县名
福海路,嘉定区,福海,新疆,阿勒泰地区福海县,收录,城市/县名
裕民南路,嘉定区,裕民,新疆,塔城地区裕民县,收录,城市/县名
裕民路,嘉定区,裕民,新疆,塔城地区裕民县,收录,城市/县名
阜康西路,嘉定区,阜康,新疆,昌吉回族自治州阜康市,收录,城市/县名
阿克苏南路,嘉定区,阿克苏,新疆,阿克苏地区,收录,城市/县名
阿克苏路,嘉定区,阿克苏,新疆,阿克苏地区,收录,城市/县名
霍城路,嘉定区,霍城,新疆,伊犁哈萨克自治州霍城县,收录,城市/县名
高昌路,嘉定区,高昌,新疆,吐鲁番市高昌区,收录,城市/县名
东台路,黄浦区,东台,江苏,盐城市东台市,收录,城市/县名
丹徒路,虹口区,丹徒,江苏,镇江市丹徒区,收录,城市/县名
丹阳路,杨浦区,丹阳,江苏,镇江市丹阳市,收录,城市/县名
六合路,黄浦区,六合,江苏,南京市六合区,收录,城市/县名
南京东路,黄浦区,南京,江苏,南京市,收录,城市/县名
南京西路,静安区,南京,江苏,南京市,收录,城市/县名
南京路,松江区,南京,江苏,南京市,收录,城市/县名
句容路,静安区,句容,江苏,镇江市句容市,收录,城市/县名
启东路,静安区,启东,江苏,南通市启东市,收录,城市/县名
吴中东路,徐汇区,吴中,江苏,苏州市吴中区,收录,城市/县名
吴中路,闵行区,吴中,江苏,苏州市吴中区,收录,城市/县名
吴江路,静安区,吴江,江苏,苏州市吴江区,收录,城市/县名
太仓路,黄浦区,太仓,江苏,苏州市太仓市,收录,城市/县名
常熟路,徐汇区,常熟,江苏,苏州市常熟市,收录,城市/县名
扬州路,杨浦区,扬州,江苏,扬州市,收录,城市/县名
北无锡路,黄浦区,无锡,江苏,无锡市,收录,城市/县名
南无锡路,黄浦区,无锡,江苏,无锡市,收录,城市/县名
昆山路,虹口区,昆山,江苏,苏州市昆山市,收录,城市/县名
武进路,虹口区,武进,江苏,常州市武进区,收录,城市/县名
江宁路,静安区,江宁,江苏,南京市江宁区,收录,城市/县名
江浦路,杨浦区,江浦,江苏,江浦（今南京浦口区）,收录,城市/县名
江苏北路,长宁区,江苏,江苏,江苏,收录,省名
江苏路,长宁区,江苏,江苏,江苏,收录,省名
东江阴街,黄浦区,江阴,江苏,无锡市江阴市,收录,城市/县名
江阴街,黄浦区,江阴,江苏,无锡市江阴市,收录,城市/县名
江阴路,黄浦区,江阴,江苏,无锡市江阴市,收录,城市/县名
泰兴路,静安区,泰兴,江苏,泰州市泰兴市,收录,城市/县名
泰州路,静安区,泰州,江苏,泰州市,收录,城市/县名
海安路,杨浦区,海安,江苏,南通市海安县,收录,城市/县名
海州路,杨浦区,海州,江苏,连云港市海州区,收录,城市/县名
海门路,虹口区,海门,江苏,南通市海门市,收录,城市/县名
淮安路,静安区,淮安,江苏,淮安市,收录,城市/县名
淮阴路,长宁区,淮阴,江苏,淮安市淮阴区,收录,城市/县名
溧阳路,虹口区,溧阳,江苏,常州市溧阳市,收录,城市/县名
盐城路,黄浦区,盐城,江苏,盐城市,收录,城市/县名
虎丘路,黄浦区,虎丘,江苏,苏州市虎丘区,收录,城市/县名
通州路,虹口区,通州,江苏,南通市通州区,收录,城市/县名
金坛路,黄浦区,金坛,江苏,常州市金坛区,收录,城市/县名
金陵东路,黄浦区,金陵,江苏,金陵（南京古称）,收录,城市/县名
金陵中路,黄浦区,金陵,江苏,金陵（南京古称）,收录,城市/县名
金陵西路,黄浦区,金陵,江苏,金陵（南京古称）,收录,城市/县名
铜山街,浦东新区,铜山,江苏,徐州市铜山区,收录,城市/县名
高邮路,徐汇区,高邮,江苏,扬州市高邮市,收录,城市/县名
万安路,虹口区,万安,江西,吉安市万安县,收录,城市/县名
九江路,黄浦区,九江,江西,九江市,收录,城市/县名
兴国路,长宁区,兴国,江西,赣州市兴国县,收录,城市/县名
南昌路,黄浦区,南昌,江西,南昌市,收录,城市/县名
吉安路,黄浦区,吉安,江西,吉安市,收录,城市/县名
安义路,静安区,安义,江西,南昌市安义县,收录,城市/县名
安福路,徐汇区,安福,江西,吉安市安福县,收录,城市/县名
安远路,静安区,安远,江西,赣州市安远县,收录,城市/县名
德安路,浦东新区,德安,江西,九江市德安县,收录,城市/县名
武宁南路,静安区,武宁,江西,九江市武宁县,收录,城市/县名
武宁支路,普陀区,武宁,江西,九江市武宁县,收录,城市/县名
武宁路,普陀区,武宁,江西,九江市武宁县,收录,城市/县名
永新路,浦东新区,永新,江西,吉安市永新县,收录,城市/县名
江西中路,黄浦区,江西,江西,江西,收录,省名
江西北路,虹口区,江西,江西,江西,收录,省名
江西南路,黄浦区,江西,江西,江西,收录,省名
泰和西路,宝山区,泰和,江西,吉安市泰和县,收录,城市/县名
泰和路,宝山区,泰和,江西,吉安市泰和县,收录,城市/县名
瑞昌路,浦东新区,瑞昌,江西,九江市瑞昌市,收录,城市/县名
瑞金一路,黄浦区,瑞金,江西,赣州市瑞金市,收录,城市/县名
瑞金二路,黄浦区,瑞金,江西,赣州市瑞金市,收录,城市/县名
瑞金南路,徐汇区,瑞金,江西,赣州市瑞金市,收录,城市/县名
进贤路,黄浦区,进贤,江西,南昌市进贤县,收录,城市/县名
都昌路,浦东新区,都昌,江西,九江市都昌县,收录,城市/县名
金溪路,青浦区,金溪,江西,抚州市金溪县,收录,城市/县名
高安路,徐汇区,高安,江西,宜春市高安市,收录,城市/县名
三河路,虹口区,三河,河北,廊坊市三河市,收录,城市/县名
丰南路,闵行区,丰南,河北,唐山市丰南区,收录,城市/县名
保定路,虹口区,保定,河北,保定市,收录,城市/县名
唐山路,虹口区,唐山,河北,唐山市,收录,城市/县名
东大名路,虹口区,大名,河北,邯郸市大名县,收录,城市/县名
大名路,虹口区,大名,河北,邯郸市大名县,收录,城市/县名
安国路,虹口区,安国,河北,保定市安国市,收录,城市/县名
安平街,黄浦区,安平,河北,衡水市安平县,收录,城市/县名
定兴路,黄浦区,定兴,河北,保定市定兴县,收录,城市/县名
宣化路,长宁区,宣化,河北,张家口市宣化区,收录,城市/县名
尚义路,闵行区,尚义,河北,张家口市尚义县,收录,城市/县名
山海关路,静安区,山海关,河北,秦皇岛市山海关区,收录,城市/县名
巨鹿路,黄浦区,巨鹿,河北,邢台市巨鹿县,收录,城市/县名
文安路,静安区,文安,河北,廊坊市文安县,收录,城市/县名
新乐路,徐汇区,新乐,河北,石家庄市新乐市,收录,城市/县名
曲阳南路,虹口区,曲阳,河北,保定市曲阳县,收录,城市/县名
曲阳路,虹口区,曲阳,河北,保定市曲阳县,收录,城市/县名
永年路,黄浦区,永年,河北,邯郸市永年区,收录,城市/县名
沧州路,杨浦区,沧州,河北,沧州市,收录,城市/县名
河间路,杨浦区,河间,河北,沧州市河间市,收录,城市/县名
河间路,浦东新区,河间,河北,沧州市河间市,收录,城市/县名
沽源支路,虹口区,沽源,河北,张家口市沽源县,收录,城市/县名
沽源路,虹口区,沽源,河北,张家口市沽源县,收录,城市/县名
热河路,静安区,热河,河北,热河（旧省名）,收录,省名
玉田支路,虹口区,玉田,河北,唐山市玉田县,收录,城市/县名
玉田路,虹口区,玉田,河北,唐山市玉田县,收录,城市/县名
盐山路,杨浦区,盐山,河北,沧州市盐山县,收录,城市/县名
秦皇岛路,虹口区,秦皇岛,河北,秦皇岛市,收录,城市/县名
衡水路,虹口区,衡水,河北,衡水市,收录,城市/县名
邯郸路,杨浦区,邯郸,河北,邯郸市,收录,城市/县名
顺平路,杨浦区,顺平,河北,保定市顺平县,收录,城市/县名
高阳路,虹口区,高阳,河北,保定市高阳县,收录,城市/县名
南阳路,静安区,南阳,河南,南阳市,收录,城市/县名
商丘路,虹口区,商丘,河南,商丘市,收录,城市/县名
商城路,浦东新区,商城,河南,信阳市商城县,收录,城市/县名
开封路,静安区,开封,河南,开封市,收录,城市/县名
桐柏路,普陀区,桐柏,河南,南阳市桐柏县,收录,城市/县名
正阳路,徐汇区,正阳,河南,驻马店市正阳县,收录,城市/县名
河南中路,黄浦区,河南,河南,河南,收录,省名
河南北路,静安区,河南,河南,河南,收录,省名
河南南路,黄浦区,河南,河南,河南,收录,省名
石龙支路,徐汇区,石龙,河南,平顶山市石龙区,收录,城市/县名
石龙路,徐汇区,石龙,河南,平顶山市石龙区,收录,城市/县名
罗山南路,浦东新区,罗山,河南,信阳市罗山县,收录,城市/县名
罗山路,浦东新区,罗山,河南,信阳市罗山县,收录,城市/县名
西华路,静安区,西华,河南,周口市西华县,收录,城市/县名
许昌路,杨浦区,许昌,河南,许昌市,收录,城市/县名
三门支路,虹口区,三门,浙江,台州市三门县,收录,城市/县名
三门路,杨浦区,三门,浙江,台州市三门县,收录,城市/县名
上虞路,松江区,上虞,浙江,绍兴市上虞区,收录,城市/县名
临平北路,虹口区,临平,浙江,临平（今杭州临平区）,收录,城市/县名
临平路,虹口区,临平,浙江,临平（今杭州临平区）,收录,城市/县名
丽水路,黄浦区,丽水,浙江,丽水市,收录,城市/县名
仙居路,金山区,仙居,浙江,台州市仙居县,收录,城市/县名
余姚路,静安区,余姚,浙江,宁波市余姚市,收录,城市/县名
东余杭路,虹口区,余杭,浙江,杭州市余杭区,收录,城市/县名
余杭路,虹口区,余杭,浙江,杭州市余杭区,收录,城市/县名
兰溪路,普陀区,兰溪,浙江,金华市兰溪市,收录,城市/县名
南浔路,虹口区,南浔,浙江,湖州市南浔区,收录,城市/县名
吴兴路,徐汇区,吴兴,浙江,湖州市吴兴区,收录,城市/县名
嘉兴路,虹口区,嘉兴,浙江,嘉兴市,收录,城市/县名
嘉善路,徐汇区,嘉善,浙江,嘉兴市嘉善县,收录,城市/县名
宁波路,黄浦区,宁波,浙江,宁波市,收录,城市/县名
宁海东路,黄浦区,宁海,浙江,宁波市宁海县,收录,城市/县名
定海路,杨浦区,定海,浙江,舟山市定海区,收录,城市/县名
岱山路,崇明区,岱山,浙江,舟山市岱山县,收录,城市/县名
建德路,黄浦区,建德,浙江,杭州市建德市,收录,城市/县名
慈溪路,静安区,慈溪,浙江,宁波市慈溪市,收录,城市/县名
新昌路,黄浦区,新昌,浙江,绍兴市新昌县,收录,城市/县名
昌化路,静安区,昌化,浙江,昌化（今属杭州临安区）,收录,城市/县名
杭州路,杨浦区,杭州,浙江,杭州市,收录,城市/县名
永嘉路,徐汇区,永嘉,浙江,温州市永嘉县,收录,城市/县名
永康路,徐汇区,永康,浙江,金华市永康市,收录,城市/县名
浙江中路,松江区,浙江,浙江,浙江,收录,省名
浙江中路,黄浦区,浙江,浙江,浙江,收录,省名
浙江北路,静安区,浙江,浙江,浙江,收录,省名
浙江南路,黄浦区,浙江,浙江,浙江,收录,省名
北海宁路,虹口区,海宁,浙江,嘉兴市海宁市,收录,城市/县名
海宁路,静安区,海宁,浙江,嘉兴市海宁市,收录,城市/县名
温州路,黄浦区,温州,浙江,温州市,收录,城市/县名
瑞安路,浦东新区,瑞安,浙江,温州市瑞安市,收录,城市/县名
绍兴路,黄浦区,绍兴,浙江,绍兴市,收录,城市/县名
舟山路,虹口区,舟山,浙江,舟山市,收录,城市/县名
金华路,黄浦区,金华,浙江,金华市,收录,城市/县名
定安路,徐汇区,定安,海南,定安县,收录,城市/县名
海口路,黄浦区,海口,海南,海口市,收录,城市/县名
利川路,浦东新区,利川,湖北,恩施土家族苗族自治州利川市,收录,城市/县名
天门街,浦东新区,天门,湖北,天门市,收录,城市/县名
宜昌路,普陀区,宜昌,湖北,宜昌市,收录,城市/县名
枣阳路,普陀区,枣阳,湖北,襄阳市枣阳市,收录,城市/县名
武昌路,虹口区,武昌,湖北,武汉市武昌区,收录,城市/县名
汉口路,黄浦区,汉口,湖北,汉口（今属武汉）,收录,城市/县名
东汉阳路,虹口区,汉阳,湖北,武汉市汉阳区,收录,城市/县名
汉阳路,虹口区,汉阳,湖北,武汉市汉阳区,收录,城市/县名
江汉路,闵行区,江汉,湖北,武汉市江汉区,收录,城市/县名
沙市一路,黄浦区,沙市,湖北,荆州市沙市区,收录,城市/县名
沙市二路,黄浦区,沙市,湖北,荆州市沙市区,收录,城市/县名
湖北路,黄浦区,湖北,湖北,湖北,收录,省名
荆州路,杨浦区,荆州,湖北,荆州市,收录,城市/县名
襄阳北路,徐汇区,襄阳,湖北,襄阳市,收录,城市/县名
襄阳南路,徐汇区,襄阳,湖北,襄阳市,收录,城市/县名
长阳路,杨浦区,长阳,湖北,宜昌市长阳土家族自治县,收录,城市/县名
黄石路,徐汇区,黄石,湖北,黄石市,收录,城市/县名
黄陂北路,黄浦区,黄陂,湖北,武汉市黄陂区,收录,城市/县名
黄陂南路,黄浦区,黄陂,湖北,武汉市黄陂区,收录,城市/县名
东安路,徐汇区,东安,湖南,永州市东安县,收录,城市/县名
华容路,徐汇区,华容,湖南,岳阳市华容县,收录,城市/县名
双峰北路,徐汇区,双峰,湖南,娄底市双峰县,收录,城市/县名
双峰路,徐汇区,双峰,湖南,娄底市双峰县,收录,城市/县名
安化路,长宁区,安化,湖南,益阳市安化县,收录,城市/县名
岳阳路,徐汇区,岳阳,湖南,岳阳市,收录,城市/县名
常德路,静安区,常德,湖南,常德市,收录,城市/县名
平江路,徐汇区,平江,湖南,岳阳市平江县,收录,城市/县名
株洲路,虹口区,株洲,湖南,株洲市,收录,城市/县名
桃江路,徐汇区,桃江,湖南,益阳市桃江县,收录,城市/县名
桃源路,黄浦区,桃源,湖南,常德市桃源县,收录,城市/县名
永兴路,静安区,永兴,湖南,郴州市永兴县,收录,城市/县名
湖南路,徐汇区,湖南,湖南,湖南,收录,省名
石门一路,静安区,石门,湖南,常德市石门县,收录,城市/县名
石门二路,静安区,石门,湖南,常德市石门县,收录,城市/县名
绥宁路,长宁区,绥宁,湖南,邵阳市绥宁县,收录,城市/县名
芷江中路,静安区,芷江,湖南,怀化市芷江侗族自治县,收录,城市/县名
芷江支路,静安区,芷江,湖南,怀化市芷江侗族自治县,收录,城市/县名
芷江西路,静安区,芷江,湖南,怀化市芷江侗族自治县,收录,城市/县名
茶陵北路,徐汇区,茶陵,湖南,株洲市茶陵县,收录,城市/县名
茶陵路,徐汇区,茶陵,湖南,株洲市茶陵县,收录,城市/县名
长沙路,黄浦区,长沙,湖南,长沙市,收录,城市/县名
零陵北路,徐汇区,零陵,湖南,永州市零陵区,收录,城市/县名
零陵路,徐汇区,零陵,湖南,永州市零陵区,收录,城市/县名
韶山路,宝山区,韶山,湖南,湘潭市韶山市,收录,城市/县名
澳门路,普陀区,澳门,澳门,澳门,收录,城市/县名
临夏路,嘉定区,临夏,甘肃,临夏回族自治州,收录,城市/县名
临泽路,嘉定区,临泽,甘肃,张掖市临泽县,收录,城市/县名
临洮路,嘉定区,临洮,甘肃,定西市临洮县,收录,城市/县名
临潭路,嘉定区,临潭,甘肃,甘南藏族自治州临潭县,收录,城市/县名
兰州路,杨浦区,兰州,甘肃,兰州市,收录,城市/县名
凉州路,杨浦区,凉州,甘肃,武威市凉州区,收录,城市/县名
华池路,普陀区,华池,甘肃,庆阳市华池县,收录,城市/县名
古浪路,普陀区,古浪,甘肃,武威市古浪县,收录,城市/县名
古浪路,普陀区,古浪,甘肃,武威市古浪县,收录,城市/县名
和政路,嘉定区,和政,甘肃,临夏回族自治州和政县,收录,城市/县名
嘉峪关路,嘉定区,嘉峪关,甘肃,嘉峪关市,收录,城市/县名
天水路,虹口区,天水,甘肃,天水市,收录,城市/县名
天祝路,嘉定区,天祝,甘肃,武威市天祝藏族自治县,收录,城市/县名
定西路,长宁区,定西,甘肃,定西市,收录,城市/县名
崇信路,嘉定区,崇信,甘肃,平凉市崇信县,收录,城市/县名
平凉路,杨浦区,平凉,甘肃,平凉市,收录,城市/县名
庆阳路,虹口区,庆阳,甘肃,庆阳市,收录,城市/县名
康乐路,静安区,康乐,甘肃,临夏回族自治州康乐县,收录,城市/县名
张掖路,嘉定区,张掖,甘肃,张掖市,收录,城市/县名
敦煌路,普陀区,敦煌,甘肃,酒泉市敦煌市,收录,城市/县名
景泰路,普陀区,景泰,甘肃,白银市景泰县,收录,城市/县名
榆中路,嘉定区,榆中,甘肃,兰州市榆中县,收录,城市/县名
武威东路,普陀区,武威,甘肃,武威市,收录,城市/县名
武威路,普陀区,武威,甘肃,武威市,收录,城市/县名
武都路,嘉定区,武都,甘肃,陇南市武都区,收录,城市/县名
永登东路,普陀区,永登,甘肃,兰州市永登县,收录,城市/县名
永登路,普陀区,永登,甘肃,兰州市永登县,收录,城市/县名
清水路,嘉定区,清水,甘肃,天水市清水县,收录,城市/县名
玉门路,普陀区,玉门,甘肃,酒泉市玉门市,收录,城市/县名
甘肃路,静安区,甘肃,甘肃,甘肃,收录,省名
白银路,嘉定区,白银,甘肃,白银市,收录,城市/县名
皋兰路,黄浦区,皋兰,甘肃,兰州市皋兰县,收录,城市/县名
碌曲路,普陀区,碌曲,甘肃,甘南藏族自治州碌曲县,收录,城市/县名
金塔路,闵行区,金塔,甘肃,酒泉市金塔县,收录,城市/县名
金昌西路,嘉定区,金昌,甘肃,金昌市,收录,城市/县名
金昌西路,嘉定区,金昌,甘肃,金昌市,收录,城市/县名
金昌西路,嘉定区,金昌,甘肃,金昌市,收录,城市/县名
金昌路,普陀区,金昌,甘肃,金昌市,收录,城市/县名
陇南路,嘉定区,陇南,甘肃,陇南市,收录,城市/县名
靖远街,黄浦区,靖远,甘肃,白银市靖远县,收录,城市/县名
靖远路,嘉定区,靖远,甘肃,白银市靖远县,收录,城市/县名
静宁路,普陀区,静宁,甘肃,平凉市静宁县,收录,城市/县名
高台路,嘉定区,高台,甘肃,张掖市高台县,收录,城市/县名
麦积路,嘉定区,麦积,甘肃,天水市麦积区,收录,城市/县名
光泽路,浦东新区,光泽,福建,南平市光泽县,收录,城市/县名
厦门路,黄浦区,厦门,福建,厦门市,收录,城市/县名
大田路,静安区,大田,福建,三明市大田县,收录,城市/县名
寿宁路,黄浦区,寿宁,福建,宁德市寿宁县,收录,城市/县名
延平路,静安区,延平,福建,南平市延平区,收录,城市/县名
政和路,杨浦区,政和,福建,南平市政和县,收录,城市/县名
松溪路,金山区,松溪,福建,南平市松溪县,收录,城市/县名
永安路,黄浦区,永安,福建,三明市永安市,收录,城市/县名
永泰街,黄浦区,永泰,福建,福州市永泰县,收录,城市/县名
永泰路,浦东新区,永泰,福建,福州市永泰县,收录,城市/县名
泰宁路,浦东新区,泰宁,福建,三明市泰宁县,收录,城市/县名
浦城路,浦东新区,浦城,福建,南平市浦城县,收录,城市/县名
福州路,黄浦区,福州,福建,福州市,收录,城市/县名
福建中路,黄浦区,福建,福建,福建,收录,省名
福建北路,静安区,福建,福建,福建,收录,省名
福建南路,黄浦区,福建,福建,福建,收录,省名
长乐路,徐汇区,长乐,福建,福州市长乐市,收录,城市/县名
顺昌路,黄浦区,顺昌,福建,南平市顺昌县,收录,城市/县名
龙文路,徐汇区,龙文,福建,漳州市龙文区,收录,城市/县名
龙海路,金山区,龙海,福建,漳州市龙海市,收录,城市/县名
龙海路,金山区,龙海,福建,漳州市龙海市,收录,城市/县名
曲水路,闵行区,曲水,西藏,拉萨市曲水县,收录,城市/县名
西藏中路,黄浦区,西藏,西藏,西藏,收录,省名
西藏北路,静安区,西藏,西藏,西藏,收录,省名
西藏南路,黄浦区,西藏,西藏,西藏,收录,省名
西藏路,静安区,西藏,西藏,西藏,收录,省名
万山路,长宁区,万山,贵州,铜仁市万山区,收录,城市/县名
余庆路,徐汇区,余庆,贵州,遵义市余庆县,收录,城市/县名
兴义路,长宁区,兴义,贵州,黔西南布依族苗族自治州兴义市,收录,城市/县名
凤冈路,长宁区,凤冈,贵州,遵义市凤冈县,收录,城市/县名
剑河路,长宁区,剑河,贵州,黔东南苗族侗族自治州剑河县,收录,城市/县名
威宁路,长宁区,威宁,贵州,毕节市威宁彝族回族苗族自治县,收录,城市/县名
安顺路,长宁区,安顺,贵州,安顺市,收录,城市/县名
安龙路,长宁区,安龙,贵州,黔西南布依族苗族自治州安龙县,收录,城市/县名
平塘路,长宁区,平塘,贵州,黔南布依族苗族自治州平塘县,收录,城市/县名
思南路,黄浦区,思南,贵州,铜仁市思南县,收录,城市/县名
普安路,黄浦区,普安,贵州,黔西南布依族苗族自治州普安县,收录,城市/县名
水城南路,长宁区,水城,贵州,六盘水市水城县,收录,城市/县名
水城路,长宁区,水城,贵州,六盘水市水城县,收录,城市/县名
汇川路,长宁区,汇川,贵州,遵义市汇川区,收录,城市/县名
玉屏南路,长宁区,玉屏,贵州,铜仁市玉屏侗族自治县,收录,城市/县名
碧江南路,闵行区,碧江,贵州,铜仁市碧江区,收录,城市/县名
碧江路,闵行区,碧江,贵州,铜仁市碧江区,收录,城市/县名
福泉北路,长宁区,福泉,贵州,黔南布依族苗族自治州福泉市,收录,城市/县名
福泉路,长宁区,福泉,贵州,黔南布依族苗族自治州福泉市,收录,城市/县名
紫云西路,长宁区,紫云,贵州,安顺市紫云苗族布依族自治县,收录,城市/县名
紫云路,长宁区,紫云,贵州,安顺市紫云苗族布依族自治县,收录,城市/县名
花溪路,普陀区,花溪,贵州,贵阳市花溪区,收录,城市/县名
贵州路,黄浦区,贵州,贵州,贵州,收录,省名
贵阳路,杨浦区,贵阳,贵州,贵阳市,收录,城市/县名
遵义南路,长宁区,遵义,贵州,遵义市,收录,城市/县名
遵义路,长宁区,遵义,贵州,遵义市,收录,城市/县名
铜仁路,静安区,铜仁,贵州,铜仁市,收录,城市/县名
锦屏路,长宁区,锦屏,贵州,黔东南苗族侗族自治州锦屏县,收录,城市/县名
镇宁路,长宁区,镇宁,贵州,安顺市镇宁布依族苗族自治县,收录,城市/县名
长顺路,长宁区,长顺,贵州,黔南布依族苗族自治州长顺县,收录,城市/县名
黎平路,杨浦区,黎平,贵州,黔东南苗族侗族自治州黎平县,收录,城市/县名
龙里路,闵行区,龙里,贵州,黔南布依族苗族自治州龙里县,收录,城市/县名
丹东路,杨浦区,丹东,辽宁,丹东市,收录,城市/县名
凌海路,浦东新区,凌海,辽宁,锦州市凌海市,收录,城市/县名
凤城路,杨浦区,凤城,辽宁,丹东市凤城市,收录,城市/县名
大连西路,虹口区,大连,辽宁,大连市,收录,城市/县名
大连路,虹口区,大连,辽宁,大连市,收录,城市/县名
宽甸路,杨浦区,宽甸,辽宁,丹东市宽甸满族自治县,收录,城市/县名
庄河路,杨浦区,庄河,辽宁,大连市庄河市,收录,城市/县名
康平路,徐汇区,康平,辽宁,沈阳市康平县,收录,城市/县名
建昌路,金山区,建昌,辽宁,葫芦岛市建昌县,收录,城市/县名
彰武路,杨浦区,彰武,辽宁,阜新市彰武县,收录,城市/县名
抚顺路,杨浦区,抚顺,辽宁,抚顺市,收录,城市/县名
东新民路,静安区,新民,辽宁,沈阳市新民市,收录,城市/县名
新民支路,静安区,新民,辽宁,沈阳市新民市,收录,城市/县名
本溪路,杨浦区,本溪,辽宁,本溪市,收录,城市/县名
沈阳路,杨浦区,沈阳,辽宁,沈阳市,收录,城市/县名
海城路,杨浦区,海城,辽宁,鞍山市海城市,收录,城市/县名
牛庄路,黄浦区,牛庄,辽宁,牛庄（今辽宁海城牛庄镇）,收录,城市/县名
盘山路,杨浦区,盘山,辽宁,盘锦市盘山县,收录,城市/县名
绥中路,杨浦区,绥中,辽宁,葫芦岛市绥中县,收录,城市/县名
苏家屯路,杨浦区,苏家屯,辽宁,沈阳市苏家屯区,收录,城市/县名
营口路,杨浦区,营口,辽宁,营口市,收录,城市/县名
辽宁路,虹口区,辽宁,辽宁,辽宁,收录,省名
辽阳路,杨浦区,辽阳,辽宁,辽阳市,收录,城市/县名
铁岭路,杨浦区,铁岭,辽宁,铁岭市,收录,城市/县名
长海路,杨浦区,长海,辽宁,大连市长海县,收录,城市/县名
阜新路,杨浦区,阜新,辽宁,阜新市,收录,城市/县名
鞍山支路,杨浦区,鞍山,辽宁,鞍山市,收录,城市/县名
鞍山路,杨浦区,鞍山,辽宁,鞍山市,收录,城市/县名
黑山南路,杨浦区,黑山,辽宁,锦州市黑山县,收录,城市/县名
黑山路,杨浦区,黑山,辽宁,锦州市黑山县,收录,城市/县名
永川路,徐汇区,永川,重庆,重庆永川区,收录,城市/县名
秀山路,徐汇区,秀山,重庆,重庆秀山土家族苗族自治县,收录,城市/县名
重庆中路,黄浦区,重庆,重庆,重庆,收录,城市/县名
重庆北路,黄浦区,重庆,重庆,重庆,收录,城市/县名
重庆南路,黄浦区,重庆,重庆,重庆,收录,城市/县名
长寿路,普陀区,长寿,重庆,重庆长寿区,收录,城市/县名
临潼路,虹口区,临潼,陕西,西安市临潼区,收录,城市/县名
丹凤路,黄浦区,丹凤,陕西,商洛市丹凤县,收录,城市/县名
千阳南路,普陀区,千阳,陕西,宝鸡市千阳县,收录,城市/县名
千阳路,普陀区,千阳,陕西,宝鸡市千阳县,收录,城市/县名
华阴路,普陀区,华阴,陕西,渭南市华阴市,收录,城市/县名
南郑路,普陀区,南郑,陕西,汉中市南郑县,收录,城市/县名
合阳路,普陀区,合阳,陕西,渭南市合阳县,收录,城市/县名
城固路,嘉定区,城固,陕西,汉中市城固县,收录,城市/县名
子长路,普陀区,子长,陕西,延安市子长县,收录,城市/县名
宁强路,普陀区,宁强,陕西,汉中市宁强县,收录,城市/县名
安塞路,普陀区,安塞,陕西,延安市安塞区,收录,城市/县名
定边路,嘉定区,定边,陕西,榆林市定边县,收录,城市/县名
宜君路,普陀区,宜君,陕西,铜川市宜君县,收录,城市/县名
宜川路,普陀区,宜川,陕西,延安市宜川县,收录,城市/县名
富平路,普陀区,富平,陕西,渭南市富平县,收录,城市/县名
岚皋西路,普陀区,岚皋,陕西,安康市岚皋县,收录,城市/县名
岚皋路,普陀区,岚皋,陕西,安康市岚皋县,收录,城市/县名
平利路,普陀区,平利,陕西,安康市平利县,收录,城市/县名
延安东路,黄浦区,延安,陕西,延安市,收录,城市/县名
延安中路,黄浦区,延安,陕西,延安市,收录,城市/县名
延安西路,长宁区,延安,陕西,延安市,收录,城市/县名
延川路,普陀区,延川,陕西,延安市延川县,收录,城市/县名
延长中路,静安区,延长,陕西,延安市延长县,收录,城市/县名
延长西路,普陀区,延长,陕西,延安市延长县,收录,城市/县名
延长路,静安区,延长,陕西,延安市延长县,收录,城市/县名
志丹路,普陀区,志丹,陕西,延安市志丹县,收录,城市/县名
旬阳路,普陀区,旬阳,陕西,安康市旬阳县,收录,城市/县名
榆林路,杨浦区,榆林,陕西,榆林市,收录,城市/县名
永寿路,黄浦区,永寿,陕西,咸阳市永寿县,收录,城市/县名
汉中路,静安区,汉中,陕西,汉中市,收录,城市/县名
汉阴路,普陀区,汉阴,陕西,安康市汉阴县,收录,城市/县名
泾阳路,普陀区,泾阳,陕西,咸阳市泾阳县,收录,城市/县名
洛川东路,静安区,洛川,陕西,延安市洛川县,收录,城市/县名
洛川中路,静安区,洛川,陕西,延安市洛川县,收录,城市/县名
洛川路,普陀区,洛川,陕西,延安市洛川县,收录,城市/县名
清涧路,普陀区,清涧,陕西,榆林市清涧县,收录,城市/县名
渭南南路,杨浦区,渭南,陕西,渭南市,收录,城市/县名
渭南路,杨浦区,渭南,陕西,渭南市,收录,城市/县名
潼关路,嘉定区,潼关,陕西,渭南市潼关县,收录,城市/县名
甘泉路,普陀区,甘泉,陕西,延安市甘泉县,收录,城市/县名
白水路,普陀区,白水,陕西,渭南市白水县,收录,城市/县名
白河路,黄浦区,白河,陕西,安康市白河县,收录,城市/县名
石泉东路,普陀区,石泉,陕西,安康市石泉县,收录,城市/县名
石泉路,普陀区,石泉,陕西,安康市石泉县,收录,城市/县名
礼泉路,普陀区,礼泉,陕西,咸阳市礼泉县,收录,城市/县名
西乡路,普陀区,西乡,陕西,汉中市西乡县,收录,城市/县名
西安路,虹口区,西安,陕西,西安市,收录,城市/县名
铜川路,普陀区,铜川,陕西,铜川市,收录,城市/县名
镇坪路,普陀区,镇坪,陕西,安康市镇坪县,收录,城市/县名
陕西北路,静安区,陕西,陕西,陕西,收录,省名
陕西南路,徐汇区,陕西,陕西,陕西,收录,省名
靖边路,普陀区,靖边,陕西,榆林市靖边县,收录,城市/县名
韩城路,浦东新区,韩城,陕西,渭南市韩城市,收录,城市/县名
高陵路,普陀区,高陵,陕西,西安市高陵区,收录,城市/县名
黄陵路,普陀区,黄陵,陕西,延安市黄陵县,收录,城市/县名
乐都支路,松江区,乐都,青海,海东市乐都区,收录,城市/县名
乐都西路,松江区,乐都,青海,海东市乐都区,收录,城市/县名
乐都路,松江区,乐都,青海,海东市乐都区,收录,城市/县名
民和路,静安区,民和,青海,海东市民和回族土族自治县,收录,城市/县名
玉树北路,松江区,玉树,青海,玉树藏族自治州,收录,城市/县名
玉树路,松江区,玉树,青海,玉树藏族自治州,收录,城市/县名
甘德路,松江区,甘德,青海,果洛藏族自治州甘德县,收录,城市/县名
贵德路,松江区,贵德,青海,海南藏族自治州贵德县,收录,城市/县名
青海路,静安区,青海,青海,青海,收录,省名
九龙路,虹口区,九龙,香港,九龙（香港九龙）,收录,城市/县名
香港路,黄浦区,香港,香港,香港,收录,城市/县名
佳木斯路,杨浦区,佳木斯,黑龙江,佳木斯市,收录,城市/县名
依兰路,宝山区,依兰,黑龙江,哈尔滨市依兰县,收录,城市/县名
依安路,宝山区,依安,黑龙江,齐齐哈尔市依安县,收录,城市/县名
克东路,宝山区,克东,黑龙江,齐齐哈尔市克东县,收录,城市/县名
克山路,宝山区,克山,黑龙江,齐齐哈尔市克山县,收录,城市/县名
北安路,宝山区,北安,黑龙江,黑河市北安市,收录,城市/县名
双城路,宝山区,双城,黑龙江,哈尔滨市双城区,收录,城市/县名
呼兰西路,宝山区,呼兰,黑龙江,哈尔滨市呼兰区,收录,城市/县名
呼兰路,宝山区,呼兰,黑龙江,哈尔滨市呼兰区,收录,城市/县名
呼玛路,宝山区,呼玛,黑龙江,大兴安岭地区呼玛县,收录,城市/县名
哈尔滨路,虹口区,哈尔滨,黑龙江,哈尔滨市,收录,城市/县名
嫩江路,杨浦区,嫩江,黑龙江,黑河市嫩江县,收录,城市/县名
宁安路,黄浦区,宁安,黑龙江,牡丹江市宁安市,收录,城市/县名
安达路,宝山区,安达,黑龙江,绥化市安达市,收录,城市/县名
密山东路,宝山区,密山,黑龙江,鸡西市密山市,收录,城市/县名
密山路,宝山区,密山,黑龙江,鸡西市密山市,收录,城市/县名
富锦东路,宝山区,富锦,黑龙江,佳木斯市富锦市,收录,城市/县名
富锦路,宝山区,富锦,黑龙江,佳木斯市富锦市,收录,城市/县名
庆安路,宝山区,庆安,黑龙江,绥化市庆安县,收录,城市/县名
海伦西路,虹口区,海伦,黑龙江,绥化市海伦市,收录,城市/县名
海伦路,虹口区,海伦,黑龙江,绥化市海伦市,收录,城市/县名
漠河路,宝山区,漠河,黑龙江,大兴安岭地区漠河县,收录,城市/县名
爱辉路,宝山区,爱辉,黑龙江,黑河市爱辉区,收录,城市/县名
牡丹江路,宝山区,牡丹江,黑龙江,牡丹江市,收录,城市/县名
绥化路,宝山区,绥化,黑龙江,绥化市,收录,城市/县名
绥芬河路,杨浦区,绥芬河,黑龙江,牡丹江市绥芬河市,收录,城市/县名
虎林路,宝山区,虎林,黑龙江,鸡西市虎林市,收录,城市/县名
通河路,宝山区,通河,黑龙江,哈尔滨市通河县,收录,城市/县名
铁力路,宝山区,铁力,黑龙江,伊春市铁力市,收录,城市/县名
齐齐哈尔路,杨浦区,齐齐哈尔,黑龙江,齐齐哈尔市,收录,城市/县名
龙江路,杨浦区,龙江,黑龙江,齐齐哈尔市龙江县,收录,城市/县名
万宁路,嘉定区,万宁,,,未收录,吉祥字眼，所在区无同省地名成片
万安街,浦东新区,万安,,,未收录,吉祥字眼，所在区无同省地名成片
东兴路,金山区,东兴,,,未收录,吉祥字眼，所在区无同省地名成片
东兴路,松江区,东兴,,,未收录,吉祥字眼，所在区无同省地名成片
东城一路,闵行区,东城,,,未收录,常见词/本地地名/山河湖海
东城二路,闵行区,东城,,,未收录,常见词/本地地名/山河湖海
东城路,浦东新区,东城,,,未收录,常见词/本地地名/山河湖海
东平北路,金山区,东平,,,未收录,吉祥字眼，所在区无同省地名成片
东平南路,金山区,东平,,,未收录,吉祥字眼，所在区无同省地名成片
东平路,崇明区,东平,,,未收录,吉祥字眼，所在区无同省地名成片
东方路,青浦区,东方,,,未收录,常见词/本地地名/山河湖海
东方路,浦东新区,东方,,,未收录,常见词/本地地名/山河湖海
东昌路,浦东新区,东昌,,,未收录,常见词/本地地名/山河湖海
东海一路,浦东新区,东海,,,未收录,常见词/本地地名/山河湖海
东海一路,浦东新区,东海,,,未收录,常见词/本地地名/山河湖海
东海三路,浦东新区,东海,,,未收录,常见词/本地地名/山河湖海
东海二路,浦东新区,东海,,,未收录,常见词/本地地名/山河湖海
东海二路,浦东新区,东海,,,未收录,常见词/本地地名/山河湖海
东海四路,浦东新区,东海,,,未收录,常见词/本地地名/山河湖海
东海路,金山区,东海,,,未收录,常见词/本地地名/山河湖海
东港大道,浦东新区,东港,,,未收录,常见词/本地地名/山河湖海
东港路,嘉定区,东港,,,未收录,常见词/本地地名/山河湖海
东湖街,青浦区,东湖,,,未收录,常见词/本地地名/山河湖海
东湖路,徐汇区,东湖,,,未收录,常见词/本地地名/山河湖海
东湖路,奉贤区,东湖,,,未收录,常见词/本地地名/山河湖海
东胜路,浦东新区,东胜,,,未收录,吉祥字眼，所在区无同省地名成片
东风南路,金山区,东风,,,未收录,常见词/本地地名/山河湖海
东风路,金山区,东风,,,未收录,常见词/本地地名/山河湖海
东风路,奉贤区,东风,,,未收录,常见词/本地地名/山河湖海
中原路,杨浦区,中原,,,未收录,常见词/本地地名/山河湖海
中山东一路,黄浦区,中山,,,未收录,常见词/本地地名/山河湖海
中山东二路,黄浦区,中山,,,未收录,常见词/本地地名/山河湖海
中山东路,松江区,中山,,,未收录,常见词/本地地名/山河湖海
中山东路,浦东新区,中山,,,未收录,常见词/本地地名/山河湖海
中山中路,松江区,中山,,,未收录,常见词/本地地名/山河湖海
中山二路,松江区,中山,,,未收录,常见词/本地地名/山河湖海
中山北一路,虹口区,中山,,,未收录,常见词/本地地名/山河湖海
中山北二路,杨浦区,中山,,,未收录,常见词/本地地名/山河湖海
中山北路,普陀区,中山,,,未收录,常见词/本地地名/山河湖海
中山南一路,黄浦区,中山,,,未收录,常见词/本地地名/山河湖海
中山南二路,徐汇区,中山,,,未收录,常见词/本地地名/山河湖海
中山南路,黄浦区,中山,,,未收录,常见词/本地地名/山河湖海
中山街,金山区,中山,,,未收录,常见词/本地地名/山河湖海
中山西路,松江区,中山,,,未收录,常见词/本地地名/山河湖海
中山西路,长宁区,中山,,,未收录,常见词/本地地名/山河湖海
中山路,浦东新区,中山,,,未收录,常见词/本地地名/山河湖海
临江路,浦东新区,临江,,,未收录,常见词/本地地名/山河湖海
临江路,徐汇区,临江,,,未收录,常见词/本地地名/山河湖海
云安南路,嘉定区,云安,,,未收录,常见词/本地地名/山河湖海
云安路,嘉定区,云安,,,未收录,常见词/本地地名/山河湖海
五台路,虹口区,五台,,,未收录,长度过短
八步路,嘉定区,八步,,,未收录,吉祥字眼，所在区无同省地名成片
公安街,虹口区,公安,,,未收录,常见词/本地地名/山河湖海
公安路,浦东新区,公安,,,未收录,常见词/本地地名/山河湖海
共和新路,静安区,共和,,,未收录,常见词/本地地名/山河湖海
共和街,嘉定区,共和,,,未收录,常见词/本地地名/山河湖海
共和路,静安区,共和,,,未收录,常见词/本地地名/山河湖海
兴业路,松江区,兴业,,,未收录,吉祥字眼，所在区无同省地名成片
兴城路,浦东新区,兴城,,,未收录,吉祥字眼，所在区无同省地名成片
兴庆路,嘉定区,兴庆,,,未收录,吉祥字眼，所在区无同省地名成片
兴隆路,松江区,兴隆,,,未收录,吉祥字眼，所在区无同省地名成片
兴隆路,崇明区,兴隆,,,未收录,吉祥字眼，所在区无同省地名成片
凌云路,浦东新区,凌云,,,未收录,吉祥字眼，所在区无同省地名成片
凌河路,浦东新区,凌河,,,未收录,吉祥字眼，所在区无同省地名成片
凤凰街,崇明区,凤凰,,,未收录,常见词/本地地名/山河湖海
前进南路,崇明区,前进,,,未收录,常见词/本地地名/山河湖海
前进路,金山区,前进,,,未收录,常见词/本地地名/山河湖海
前进路,崇明区,前进,,,未收录,常见词/本地地名/山河湖海
华亭路,金山区,华亭,,,未收录,常见词/本地地名/山河湖海
华亭路,徐汇区,华亭,,,未收录,常见词/本地地名/山河湖海
南华亭东路,奉贤区,华亭,,,未收录,常见词/本地地名/山河湖海
南乐路,松江区,南乐,,,未收录,吉祥字眼，所在区无同省地名成片
南华街,闵行区,南华,,,未收录,吉祥字眼，所在区无同省地名成片
南华路,嘉定区,南华,,,未收录,吉祥字眼，所在区无同省地名成片
南安路,金山区,南安,,,未收录,吉祥字眼，所在区无同省地名成片
南安路,嘉定区,南安,,,未收录,吉祥字眼，所在区无同省地名成片
南山路,静安区,南山,,,未收录,常见词/本地地名/山河湖海
南康路,金山区,南康,,,未收录,吉祥字眼，所在区无同省地名成片
南明南路,奉贤区,南明,,,未收录,吉祥字眼，所在区无同省地名成片
南明路,奉贤区,南明,,,未收录,吉祥字眼，所在区无同省地名成片
南沙路,闵行区,南沙,,,未收录,吉祥字眼，所在区无同省地名成片
南海一路,崇明区,南海,,,未收录,常见词/本地地名/山河湖海
南海路,崇明区,南海,,,未收录,常见词/本地地名/山河湖海
卧龙路,嘉定区,卧龙,,,未收录,常见词/本地地名/山河湖海
友谊支路,宝山区,友谊,,,未收录,常见词/本地地名/山河湖海
友谊西路,宝山区,友谊,,,未收录,常见词/本地地名/山河湖海
友谊路,金山区,友谊,,,未收录,常见词/本地地名/山河湖海
友谊路,金山区,友谊,,,未收录,常见词/本地地名/山河湖海
友谊路,宝山区,友谊,,,未收录,常见词/本地地名/山河湖海
双桥路,浦东新区,双桥,,,未收录,吉祥字眼，所在区无同省地名成片
双江路,浦东新区,双江,,,未收录,吉祥字眼，所在区无同省地名成片
双河路,普陀区,双河,,,未收录,常见词/本地地名/山河湖海
古城路,金山区,古城,,,未收录,常见词/本地地名/山河湖海
合作南路,嘉定区,合作,,,未收录,常见词/本地地名/山河湖海
合作路,嘉定区,合作,,,未收录,常见词/本地地名/山河湖海
合作路,崇明区,合作,,,未收录,常见词/本地地名/山河湖海
合川路,闵行区,合川,,,未收录,吉祥字眼，所在区无同省地名成片
合川路,浦东新区,合川,,,未收录,吉祥字眼，所在区无同省地名成片
同安路,奉贤区,同安,,,未收录,吉祥字眼，所在区无同省地名成片
向阳东路,浦东新区,向阳,,,未收录,常见词/本地地名/山河湖海
向阳北路,浦东新区,向阳,,,未收录,常见词/本地地名/山河湖海
向阳路,闵行区,向阳,,,未收录,常见词/本地地名/山河湖海
向阳路,浦东新区,向阳,,,未收录,常见词/本地地名/山河湖海
和平东路,金山区,和平,,,未收录,常见词/本地地名/山河湖海
和平北路,浦东新区,和平,,,未收录,常见词/本地地名/山河湖海
和平南路,浦东新区,和平,,,未收录,常见词/本地地名/山河湖海
和平街,金山区,和平,,,未收录,常见词/本地地名/山河湖海
和平街,嘉定区,和平,,,未收录,常见词/本地地名/山河湖海
和平路,浦东新区,和平,,,未收录,常见词/本地地名/山河湖海
城中东路,青浦区,城中,,,未收录,常见词/本地地名/山河湖海
城中北路,青浦区,城中,,,未收录,常见词/本地地名/山河湖海
城中南路,青浦区,城中,,,未收录,常见词/本地地名/山河湖海
城中南路,青浦区,城中,,,未收录,常见词/本地地名/山河湖海
城中街,嘉定区,城中,,,未收录,常见词/本地地名/山河湖海
城中西路,青浦区,城中,,,未收录,常见词/本地地名/山河湖海
城中路,嘉定区,城中,,,未收录,常见词/本地地名/山河湖海
城北路,嘉定区,城北,,,未收录,常见词/本地地名/山河湖海
城西南路,浦东新区,城西,,,未收录,常见词/本地地名/山河湖海
城西路,浦东新区,城西,,,未收录,常见词/本地地名/山河湖海
城西路,浦东新区,城西,,,未收录,常见词/本地地名/山河湖海
复兴东路,黄浦区,复兴,,,未收录,常见词/本地地名/山河湖海
复兴中路,黄浦区,复兴,,,未收录,常见词/本地地名/山河湖海
复兴西路,徐汇区,复兴,,,未收录,常见词/本地地名/山河湖海
复兴路,青浦区,复兴,,,未收录,常见词/本地地名/山河湖海
复兴路,浦东新区,复兴,,,未收录,常见词/本地地名/山河湖海
大丰路,青浦区,大丰,,,未收录,吉祥字眼，所在区无同省地名成片
大兴街,黄浦区,大兴,,,未收录,吉祥字眼，所在区无同省地名成片
大同路,浦东新区,大同,,,未收录,常见词/本地地名/山河湖海
大新街,青浦区,大新,,,未收录,吉祥字眼，所在区无同省地名成片
大通路,崇明区,大通,,,未收录,吉祥字眼，所在区无同省地名成片
天台路,松江区,天台,,,未收录,吉祥字眼，所在区无同省地名成片
天宁路,闵行区,天宁,,,未收录,常见词/本地地名/山河湖海
天山支路,长宁区,天山,,,未收录,常见词/本地地名/山河湖海
天山西路,青浦区,天山,,,未收录,常见词/本地地名/山河湖海
天山西路,闵行区,天山,,,未收录,常见词/本地地名/山河湖海
天山路,长宁区,天山,,,未收录,常见词/本地地名/山河湖海
天河路,闵行区,天河,,,未收录,常见词/本地地名/山河湖海
太平路,崇明区,太平,,,未收录,常见词/本地地名/山河湖海
太平路,虹口区,太平,,,未收录,常见词/本地地名/山河湖海
安仁街,黄浦区,安仁,,,未收录,吉祥字眼，所在区无同省地名成片
安国路,浦东新区,安国,,,未收录,吉祥字眼，所在区无同省地名成片
安平街,青浦区,安平,,,未收录,吉祥字眼，所在区无同省地名成片
东宝兴路,静安区,宝兴,,,未收录,常见词/本地地名/山河湖海
北宝兴路,静安区,宝兴,,,未收录,常见词/本地地名/山河湖海
西宝兴路,静安区,宝兴,,,未收录,常见词/本地地名/山河湖海
宝山路,静安区,宝山,,,未收录,常见词/本地地名/山河湖海
富民街,崇明区,富民,,,未收录,吉祥字眼，所在区无同省地名成片
山南路,金山区,山南,,,未收录,常见词/本地地名/山河湖海
峨山路,浦东新区,峨山,,,未收录,常见词/本地地名/山河湖海
崂山路,浦东新区,崂山,,,未收录,常见词/本地地名/山河湖海
崇州路,崇明区,崇州,,,未收录,常见词/本地地名/山河湖海
工农北路,浦东新区,工农,,,未收录,常见词/本地地名/山河湖海
工农南路,浦东新区,工农,,,未收录,常见词/本地地名/山河湖海
工农街,嘉定区,工农,,,未收录,常见词/本地地名/山河湖海
工农路,崇明区,工农,,,未收录,常见词/本地地名/山河湖海
平乐路,闵行区,平乐,,,未收录,吉祥字眼，所在区无同省地名成片
平原街,松江区,平原,,,未收录,常见词/本地地名/山河湖海
平山路,闵行区,平山,,,未收录,吉祥字眼，所在区无同省地名成片
平阳路,闵行区,平阳,,,未收录,吉祥字眼，所在区无同省地名成片
广丰路,奉贤区,广丰,,,未收录,吉祥字眼，所在区无同省地名成片
延寿路,松江区,延寿,,,未收录,吉祥字眼，所在区无同省地名成片
建华路,嘉定区,建华,,,未收录,常见词/本地地名/山河湖海
建华路,徐汇区,建华,,,未收录,常见词/本地地名/山河湖海
建安路,金山区,建安,,,未收录,常见词/本地地名/山河湖海
德兴街,浦东新区,德兴,,,未收录,吉祥字眼，所在区无同省地名成片
怒江北路,普陀区,怒江,,,未收录,常见词/本地地名/山河湖海
怒江路,普陀区,怒江,,,未收录,常见词/本地地名/山河湖海
惠东路,浦东新区,惠东,,,未收录,吉祥字眼，所在区无同省地名成片
惠民路,浦东新区,惠民,,,未收录,吉祥字眼，所在区无同省地名成片
振兴东路,浦东新区,振兴,,,未收录,常见词/本地地名/山河湖海
振兴街,浦东新区,振兴,,,未收录,常见词/本地地名/山河湖海
振兴路,奉贤区,振兴,,,未收录,常见词/本地地名/山河湖海
振兴路,浦东新区,振兴,,,未收录,常见词/本地地名/山河湖海
振兴路,浦东新区,振兴,,,未收录,常见词/本地地名/山河湖海
新乐路,松江区,新乐,,,未收录,吉祥字眼，所在区无同省地名成片
新兴支路,崇明区,新兴,,,未收录,常见词/本地地名/山河湖海
新兴路,浦东新区,新兴,,,未收录,常见词/本地地名/山河湖海
新北路,奉贤区,新北,,,未收录,常见词/本地地名/山河湖海
新华路,金山区,新华,,,未收录,常见词/本地地名/山河湖海
新华路,长宁区,新华,,,未收录,常见词/本地地名/山河湖海
新华路,浦东新区,新华,,,未收录,常见词/本地地名/山河湖海
新华路,浦东新区,新华,,,未收录,常见词/本地地名/山河湖海
新和路,嘉定区,新和,,,未收录,吉祥字眼，所在区无同省地名成片
新城东路,浦东新区,新城,,,未收录,常见词/本地地名/山河湖海
新城西路,浦东新区,新城,,,未收录,常见词/本地地名/山河湖海
新城路,金山区,新城,,,未收录,常见词/本地地名/山河湖海
新宾路,松江区,新宾,,,未收录,吉祥字眼，所在区无同省地名成片
新市北路,虹口区,新市,,,未收录,常见词/本地地名/山河湖海
新市南路,虹口区,新市,,,未收录,常见词/本地地名/山河湖海
新市路,虹口区,新市,,,未收录,常见词/本地地名/山河湖海
新建一路,嘉定区,新建,,,未收录,常见词/本地地名/山河湖海
新建中路,奉贤区,新建,,,未收录,常见词/本地地名/山河湖海
新建西街,金山区,新建,,,未收录,常见词/本地地名/山河湖海
新建西路,奉贤区,新建,,,未收录,常见词/本地地名/山河湖海
新建路,金山区,新建,,,未收录,常见词/本地地名/山河湖海
新建路,闵行区,新建,,,未收录,常见词/本地地名/山河湖海
新建路,虹口区,新建,,,未收录,常见词/本地地名/山河湖海
新建路,浦东新区,新建,,,未收录,常见词/本地地名/山河湖海
新建路,浦东新区,新建,,,未收录,常见词/本地地名/山河湖海
新泰路,宝山区,新泰,,,未收录,吉祥字眼，所在区无同省地名成片
新洲路,金山区,新洲,,,未收录,吉祥字眼，所在区无同省地名成片
新源路,浦东新区,新源,,,未收录,吉祥字眼，所在区无同省地名成片
新源路,浦东新区,新源,,,未收录,吉祥字眼，所在区无同省地名成片
新田路,浦东新区,新田,,,未收录,吉祥字眼，所在区无同省地名成片
新龙路,闵行区,新龙,,,未收录,常见词/本地地名/山河湖海
新龙路,奉贤区,新龙,,,未收录,常见词/本地地名/山河湖海
新龙路,浦东新区,新龙,,,未收录,常见词/本地地名/山河湖海
普陀路,普陀区,普陀,,,未收录,常见词/本地地名/山河湖海
普陀路,闵行区,普陀,,,未收录,常见词/本地地名/山河湖海
曲江路,嘉定区,曲江,,,未收录,吉祥字眼，所在区无同省地名成片
月湖路,松江区,月湖,,,未收录,常见词/本地地名/山河湖海
朝阳中路,崇明区,朝阳,,,未收录,常见词/本地地名/山河湖海
朝阳南路,崇明区,朝阳,,,未收录,常见词/本地地名/山河湖海
朝阳路,浦东新区,朝阳,,,未收录,常见词/本地地名/山河湖海
桃源路,松江区,桃源,,,未收录,吉祥字眼，所在区无同省地名成片
民乐路,奉贤区,民乐,,,未收录,常见词/本地地名/山河湖海
永丰路,松江区,永丰,,,未收录,吉祥字眼，所在区无同省地名成片
永兴路,崇明区,永兴,,,未收录,吉祥字眼，所在区无同省地名成片
永和支路,浦东新区,永和,,,未收录,吉祥字眼，所在区无同省地名成片
永和路,浦东新区,永和,,,未收录,吉祥字眼，所在区无同省地名成片
永宁街,黄浦区,永宁,,,未收录,吉祥字眼，所在区无同省地名成片
永宁路,浦东新区,永宁,,,未收录,吉祥字眼，所在区无同省地名成片
永安路,浦东新区,永安,,,未收录,吉祥字眼，所在区无同省地名成片
永康路,崇明区,永康,,,未收录,吉祥字眼，所在区无同省地名成片
永春中路,浦东新区,永春,,,未收录,吉祥字眼，所在区无同省地名成片
永春南路,浦东新区,永春,,,未收录,吉祥字眼，所在区无同省地名成片
永清路,宝山区,永清,,,未收录,吉祥字眼，所在区无同省地名成片
永胜中路,崇明区,永胜,,,未收录,常见词/本地地名/山河湖海
永胜五路,崇明区,永胜,,,未收录,常见词/本地地名/山河湖海
永胜北路,崇明区,永胜,,,未收录,常见词/本地地名/山河湖海
永胜路,崇明区,永胜,,,未收录,常见词/本地地名/山河湖海
汝南街,黄浦区,汝南,,,未收录,吉祥字眼，所在区无同省地名成片
江南大道,崇明区,江南,,,未收录,常见词/本地地名/山河湖海
江山路,浦东新区,江山,,,未收录,吉祥字眼，所在区无同省地名成片
江川南二路,松江区,江川,,,未收录,吉祥字眼，所在区无同省地名成片
江海南路,奉贤区,江海,,,未收录,常见词/本地地名/山河湖海
江海路,奉贤区,江海,,,未收录,常见词/本地地名/山河湖海
沙河路,嘉定区,沙河,,,未收录,常见词/本地地名/山河湖海
南河西路,金山区,河西,,,未收录,常见词/本地地名/山河湖海
沿河路,嘉定区,沿河,,,未收录,常见词/本地地名/山河湖海
西沿河路,崇明区,沿河,,,未收录,常见词/本地地名/山河湖海
泰顺路,嘉定区,泰顺,,,未收录,吉祥字眼，所在区无同省地名成片
洪山路,浦东新区,洪山,,,未收录,吉祥字眼，所在区无同省地名成片
浦江路,闵行区,浦江,,,未收录,常见词/本地地名/山河湖海
海棠街,金山区,海棠,,,未收录,常见词/本地地名/山河湖海
海棠路,奉贤区,海棠,,,未收录,常见词/本地地名/山河湖海
海棠路,浦东新区,海棠,,,未收录,常见词/本地地名/山河湖海
海棠路,奉贤区,海棠,,,未收录,常见词/本地地名/山河湖海
海棠路,崇明区,海棠,,,未收录,常见词/本地地名/山河湖海
海港大道,浦东新区,海港,,,未收录,常见词/本地地名/山河湖海
海西路,崇明区,海西,,,未收录,常见词/本地地名/山河湖海
清河路,嘉定区,清河,,,未收录,吉祥字眼，所在区无同省地名成片
北港北路,崇明区,港北,,,未收录,常见词/本地地名/山河湖海
港北北路,崇明区,港北,,,未收录,常见词/本地地名/山河湖海
湖滨路,黄浦区,湖滨,,,未收录,常见词/本地地名/山河湖海
滨江中路,闵行区,滨江,,,未收录,常见词/本地地名/山河湖海
滨江北路,闵行区,滨江,,,未收录,常见词/本地地名/山河湖海
滨江南路,闵行区,滨江,,,未收录,常见词/本地地名/山河湖海
滨江大道,浦东新区,滨江,,,未收录,常见词/本地地名/山河湖海
滨江大道,浦东新区,滨江,,,未收录,常见词/本地地名/山河湖海
滨江大道,浦东新区,滨江,,,未收录,常见词/本地地名/山河湖海
滨江路,奉贤区,滨江,,,未收录,常见词/本地地名/山河湖海
滨江路,崇明区,滨江,,,未收录,常见词/本地地名/山河湖海
滨江道,闵行区,滨江,,,未收录,常见词/本地地名/山河湖海
滨湖路,松江区,滨湖,,,未收录,常见词/本地地名/山河湖海
爱民路,崇明区,爱民,,,未收录,常见词/本地地名/山河湖海
牡丹支路,浦东新区,牡丹,,,未收录,常见词/本地地名/山河湖海
牡丹路,浦东新区,牡丹,,,未收录,常见词/本地地名/山河湖海
玉泉街,浦东新区,玉泉,,,未收录,常见词/本地地名/山河湖海
玉环路,崇明区,玉环,,,未收录,吉祥字眼，所在区无同省地名成片
田林西路,崇明区,田林,,,未收录,长度过短
白云路,闵行区,白云,,,未收录,常见词/本地地名/山河湖海
白沙路,奉贤区,白沙,,,未收录,常见词/本地地名/山河湖海
秀山路,崇明区,秀山,,,未收录,吉祥字眼，所在区无同省地名成片
站前北路,青浦区,站前,,,未收录,常见词/本地地名/山河湖海
站前路,松江区,站前,,,未收录,常见词/本地地名/山河湖海
站前路,嘉定区,站前,,,未收录,常见词/本地地名/山河湖海
红旗北路,浦东新区,红旗,,,未收录,常见词/本地地名/山河湖海
红星支路,崇明区,红星,,,未收录,常见词/本地地名/山河湖海
红星路,奉贤区,红星,,,未收录,常见词/本地地名/山河湖海
红星路,浦东新区,红星,,,未收录,常见词/本地地名/山河湖海
船山街,浦东新区,船山,,,未收录,吉祥字眼，所在区无同省地名成片
芙蓉路,浦东新区,芙蓉,,,未收录,常见词/本地地名/山河湖海
花山路,浦东新区,花山,,,未收录,常见词/本地地名/山河湖海
北苏州路,静安区,苏州,,,未收录,常见词/本地地名/山河湖海
南苏州路,黄浦区,苏州,,,未收录,常见词/本地地名/山河湖海
西苏州路,静安区,苏州,,,未收录,常见词/本地地名/山河湖海
荷塘路,浦东新区,荷塘,,,未收录,常见词/本地地名/山河湖海
莲花南路,闵行区,莲花,,,未收录,常见词/本地地名/山河湖海
莲花路,闵行区,莲花,,,未收录,常见词/本地地名/山河湖海
莲花路,闵行区,莲花,,,未收录,常见词/本地地名/山河湖海
衡山路,徐汇区,衡山,,,未收录,常见词/本地地名/山河湖海
裕安西路,崇明区,裕安,,,未收录,吉祥字眼，所在区无同省地名成片
裕安路,崇明区,裕安,,,未收录,吉祥字眼，所在区无同省地名成片
西城一路,闵行区,西城,,,未收录,常见词/本地地名/山河湖海
西城路,崇明区,西城,,,未收录,常见词/本地地名/山河湖海
西安路,松江区,西安,,,未收录,吉祥字眼，所在区无同省地名成片
西市街,浦东新区,西市,,,未收录,常见词/本地地名/山河湖海
西林北路,松江区,西林,,,未收录,常见词/本地地名/山河湖海
西林南路,松江区,西林,,,未收录,常见词/本地地名/山河湖海
西林街,金山区,西林,,,未收录,常见词/本地地名/山河湖海
西林街,浦东新区,西林,,,未收录,常见词/本地地名/山河湖海
西湖街,青浦区,西湖,,,未收录,常见词/本地地名/山河湖海
解放东路,奉贤区,解放,,,未收录,常见词/本地地名/山河湖海
解放中路,奉贤区,解放,,,未收录,常见词/本地地名/山河湖海
解放西路,奉贤区,解放,,,未收录,常见词/本地地名/山河湖海
解放路,浦东新区,解放,,,未收录,常见词/本地地名/山河湖海
运河路,奉贤区,运河,,,未收录,常见词/本地地名/山河湖海
运河路,浦东新区,运河,,,未收录,常见词/本地地名/山河湖海
进贤路,浦东新区,进贤,,,未收录,吉祥字眼，所在区无同省地名成片
通海路,崇明区,通海,,,未收录,吉祥字眼，所在区无同省地名成片
金华街,嘉定区,金华,,,未收录,吉祥字眼，所在区无同省地名成片
金台路,浦东新区,金台,,,未收录,吉祥字眼，所在区无同省地名成片
金川路,浦东新区,金川,,,未收录,吉祥字眼，所在区无同省地名成片
金平路,松江区,金平,,,未收录,吉祥字眼，所在区无同省地名成片
金水路,金山区,金水,,,未收录,常见词/本地地名/山河湖海
金沙路,嘉定区,金沙,,,未收录,常见词/本地地名/山河湖海
铁山路,宝山区,铁山,,,未收录,常见词/本地地名/山河湖海
长兴东路,松江区,长兴,,,未收录,常见词/本地地名/山河湖海
长兴西路,松江区,长兴,,,未收录,常见词/本地地名/山河湖海
长兴路,金山区,长兴,,,未收录,常见词/本地地名/山河湖海
长兴路,松江区,长兴,,,未收录,常见词/本地地名/山河湖海
长兴路,松江区,长兴,,,未收录,常见词/本地地名/山河湖海
长兴路,静安区,长兴,,,未收录,常见词/本地地名/山河湖海
长宁路,闵行区,长宁,,,未收录,长度过短
长安路,静安区,长安,,,未收录,常见词/本地地名/山河湖海
长岛中路,崇明区,长岛,,,未收录,常见词/本地地名/山河湖海
长岛南路,崇明区,长岛,,,未收录,常见词/本地地名/山河湖海
长岛大道,崇明区,长岛,,,未收录,常见词/本地地名/山河湖海
长岛路,浦东新区,长岛,,,未收录,常见词/本地地名/山河湖海
青山路,闵行区,青山,,,未收录,常见词/本地地名/山河湖海
顺庆路,松江区,顺庆,,,未收录,吉祥字眼，所在区无同省地名成片
香格里拉路,浦东新区,香格里拉,,,未收录,常见词/本地地名/山河湖海
龙华东路,黄浦区,龙华,,,未收录,常见词/本地地名/山河湖海
龙华中路,徐汇区,龙华,,,未收录,常见词/本地地名/山河湖海
龙华西路,徐汇区,龙华,,,未收录,常见词/本地地名/山河湖海
龙华路,徐汇区,龙华,,,未收录,常见词/本地地名/山河湖海
龙华路,崇明区,龙华,,,未收录,常见词/本地地名/山河湖海
龙城路,松江区,龙城,,,未收录,吉祥字眼，所在区无同省地名成片
龙山路,金山区,龙山,,,未收录,常见词/本地地名/山河湖海
龙泉路,奉贤区,龙泉,,,未收录,常见词/本地地名/山河湖海
